datetime,lat,lng
5/12/2015 22:25,37.79053899,-122.4039157
5/12/2015 22:25,37.79053899,-122.4039157
5/11/2015 23:59,37.76505012,-122.4196718
5/11/2015 18:00,37.78378829,-122.4361973
5/11/2015 14:21,37.78627746,-122.4129991
5/11/2015 8:30,37.75648641,-122.4065391
5/11/2015 7:00,37.77954963,-122.4074968
5/3/2015 20:00,37.79264509,-122.3923498
5/3/2015 19:30,37.77269482,-122.4221883
5/3/2015 15:00,37.77375094,-122.4179754
5/3/2015 10:15,37.77753891,-122.4324015
5/3/2015 2:30,37.78316141,-122.4116151
5/3/2015 2:30,37.78316141,-122.4116151
5/3/2015 0:40,37.78959528,-122.4170443
5/2/2015 20:30,37.74816641,-122.4182219
5/2/2015 20:25,37.74824538,-122.4186949
5/2/2015 18:00,37.79057167,-122.4059632
5/2/2015 14:09,37.78418935,-122.4076335
5/2/2015 10:40,37.78126735,-122.4331559
4/30/2015 16:30,37.77603828,-122.4025276
4/30/2015 14:50,37.75253208,-122.4032763
4/30/2015 14:50,37.75253208,-122.4032763
4/29/2015 21:20,37.75353512,-122.3972019
4/29/2015 21:20,37.75353512,-122.3972019
4/29/2015 20:00,37.75223917,-122.4184482
4/29/2015 20:00,37.75223917,-122.4184482
4/29/2015 18:00,37.76571844,-122.4095299
4/29/2015 18:00,37.76571844,-122.4095299
4/27/2015 11:30,37.77542071,-122.4034048
4/27/2015 0:01,37.76460487,-122.4401347
4/19/2015 21:48,37.77746967,-122.3977132
4/19/2015 7:30,37.71134105,-122.4630659
4/18/2015 19:30,37.78369095,-122.4031614
4/18/2015 17:30,37.77787278,-122.3914251
4/18/2015 0:01,37.72083184,-122.4830664
4/17/2015 9:00,37.75648641,-122.4065391
4/17/2015 7:00,37.75723747,-122.3958916
4/17/2015 7:00,37.75475683,-122.4164196
4/16/2015 17:11,37.70990012,-122.4146464
4/15/2015 20:45,37.79224918,-122.4075398
4/15/2015 18:10,37.77476002,-122.4546368
4/13/2015 18:00,37.71473474,-122.412458
4/5/2015 9:00,37.71089458,-122.4205568
4/4/2015 23:15,37.78903977,-122.4018331
4/4/2015 8:00,37.74793215,-122.4096773
4/3/2015 10:00,37.77269482,-122.4221883
4/3/2015 7:00,37.73450665,-122.3869953
4/3/2015 3:15,37.7691663,-122.4535346
4/1/2015 9:00,37.75648641,-122.4065391
3/31/2015 3:00,37.74716082,-122.4172258
3/31/2015 0:01,37.72164044,-122.4306859
3/30/2015 8:40,37.75648641,-122.4065391
3/22/2015 16:30,37.77305255,-122.418619
3/22/2015 4:00,37.77010993,-122.4200102
3/21/2015 13:00,37.72469269,-122.4595646
3/21/2015 0:01,37.74185868,-122.5024766
3/20/2015 20:30,37.72890407,-122.3928997
3/20/2015 7:00,37.77109779,-122.4156043
3/18/2015 14:00,37.78295148,-122.4132595
3/18/2015 10:30,37.78405037,-122.4602712
3/18/2015 9:00,37.75648641,-122.4065391
3/17/2015 19:30,37.77748927,-122.4332205
3/16/2015 21:00,37.75250059,-122.4132504
3/16/2015 15:15,37.78726854,-122.4001889
3/16/2015 8:00,37.73193852,-122.3898316
3/8/2015 12:30,37.79600801,-122.4072285
3/8/2015 8:40,37.76512964,-122.3967742
3/8/2015 1:04,37.79476266,-122.4170215
3/8/2015 1:00,37.79095758,-122.4139451
3/8/2015 0:01,37.77542071,-122.4034048
3/7/2015 16:00,37.77343931,-122.4852593
3/7/2015 12:20,37.76505012,-122.4196718
3/7/2015 3:00,37.78604322,-122.4105093
3/7/2015 0:01,37.7755529,-122.4404831
3/6/2015 20:12,37.78418935,-122.4076335
3/6/2015 19:25,37.79657576,-122.4150766
3/6/2015 19:00,37.78351606,-122.4158851
3/6/2015 14:30,37.78465763,-122.4144332
3/6/2015 2:30,37.77954963,-122.4074968
3/6/2015 2:00,37.76254864,-122.4340635
3/6/2015 2:00,37.76254864,-122.4340635
3/5/2015 23:00,37.78418935,-122.4076335
3/5/2015 23:00,37.78418935,-122.4076335
3/5/2015 23:00,37.78418935,-122.4076335
3/5/2015 21:45,37.75169329,-122.4139354
3/5/2015 3:22,37.7847099,-122.4178091
3/4/2015 22:45,37.78487505,-122.4423647
3/4/2015 22:00,37.7123588,-122.4127414
3/4/2015 19:25,37.78910955,-122.4170193
3/4/2015 15:05,37.75257541,-122.4138308
3/4/2015 11:00,37.77732928,-122.4340461
3/3/2015 17:21,37.7857383,-122.4138201
3/2/2015 22:00,37.78351606,-122.4158851
3/2/2015 8:00,37.78144635,-122.4171468
2/21/2015 19:00,37.74866281,-122.4382477
2/21/2015 9:30,37.75044582,-122.4078902
2/21/2015 4:00,37.75710058,-122.4178126
2/21/2015 1:45,37.79888237,-122.4058989
2/21/2015 1:22,37.76127941,-122.4149877
2/20/2015 22:30,37.78562979,-122.4137984
2/20/2015 10:30,37.78113406,-122.4090112
2/20/2015 10:30,37.78113406,-122.4090112
2/20/2015 8:00,37.77967741,-122.3884894
2/17/2015 18:45,37.78568434,-122.4213958
2/17/2015 13:40,37.79550387,-122.4216089
2/17/2015 2:15,37.78434785,-122.4093131
2/16/2015 18:00,37.77375828,-122.4626842
2/16/2015 17:10,37.74105755,-122.40648
2/8/2015 11:20,37.78279311,-122.4140563
2/7/2015 17:00,37.78887145,-122.415212
2/7/2015 17:00,37.78887145,-122.415212
2/7/2015 17:00,37.78887145,-122.415212
2/7/2015 9:00,37.7927276,-122.403305
2/7/2015 3:25,37.78613713,-122.4198583
2/4/2015 11:30,37.78992061,-122.439976
2/4/2015 11:30,37.78992061,-122.439976
2/3/2015 21:30,37.78435334,-122.4329146
2/3/2015 21:30,37.78435334,-122.4329146
2/3/2015 15:50,37.78486569,-122.4127841
2/3/2015 0:09,37.74677552,-122.4191235
2/2/2015 21:00,37.71926858,-122.3914688
2/2/2015 9:10,37.75648641,-122.4065391
2/2/2015 9:10,37.75648641,-122.4065391
2/2/2015 8:30,37.76505012,-122.4196718
1/25/2015 20:00,37.74357778,-122.4664582
1/25/2015 20:00,37.74357778,-122.4664582
1/24/2015 19:00,37.77542071,-122.4034048
1/24/2015 19:00,37.77542071,-122.4034048
1/24/2015 4:00,37.7711057,-122.4378824
1/24/2015 4:00,37.7711057,-122.4378824
1/24/2015 2:00,37.78338624,-122.4098537
1/24/2015 1:17,37.79710702,-122.4203206
1/23/2015 23:05,37.78402802,-122.4312404
1/23/2015 15:36,37.78125509,-122.4588606
1/20/2015 10:30,37.71504116,-122.4706276
1/20/2015 10:30,37.71650618,-122.3904178
1/20/2015 9:20,37.75648641,-122.4065391
1/20/2015 9:15,37.75648641,-122.4065391
1/19/2015 12:15,37.77697557,-122.4898128
1/11/2015 20:15,37.77829352,-122.4154488
1/10/2015 2:30,37.78447902,-122.450137
1/10/2015 1:45,37.80006167,-122.4352652
1/10/2015 1:00,37.77186362,-122.4140273
1/10/2015 0:01,37.78418471,-122.4185621
1/9/2015 8:00,37.72737376,-122.4326496
1/9/2015 3:31,37.78750248,-122.4141794
1/9/2015 2:00,37.7888557,-122.4110689
1/9/2015 2:00,37.76463133,-122.4330681
1/8/2015 20:00,37.73860443,-122.392396
1/8/2015 5:12,37.77542071,-122.4034048
1/6/2015 11:00,37.76598716,-122.4266671
1/6/2015 11:00,37.76598716,-122.4266671
1/5/2015 23:00,37.77628713,-122.4638727
1/5/2015 18:00,37.73764111,-122.4127339
1/5/2015 18:00,37.73764111,-122.4127339
1/5/2015 13:08,37.78543648,-122.4153361
1/5/2015 13:08,37.78543648,-122.4153361
1/5/2015 0:28,37.80615159,-122.4185371
1/5/2015 0:28,37.80615159,-122.4185371
12/25/2014 22:00,37.78339831,-122.4242959
12/25/2014 2:00,37.73795008,-122.4218988
12/25/2014 2:00,37.73795008,-122.4218988
12/24/2014 20:00,37.78003044,-122.4321162
12/24/2014 15:00,37.75648641,-122.4065391
12/23/2014 20:00,37.76505012,-122.4196718
12/23/2014 20:00,37.78236291,-122.4283105
12/23/2014 20:00,37.76505012,-122.4196718
12/22/2014 19:45,37.77951403,-122.4135641
12/22/2014 19:45,37.77951403,-122.4135641
12/22/2014 0:01,37.78526863,-122.40307
12/14/2014 11:30,37.79076136,-122.3962112
12/13/2014 21:00,37.72103059,-122.447125
12/13/2014 20:45,37.79105457,-122.4207137
12/13/2014 2:40,37.7482311,-122.4149199
12/13/2014 2:40,37.7482311,-122.4149199
12/13/2014 2:40,37.7482311,-122.4149199
12/12/2014 20:12,37.72719929,-122.3723517
12/12/2014 14:15,37.78086427,-122.4288185
12/11/2014 2:00,37.76800542,-122.4244127
12/11/2014 0:01,37.75353512,-122.3972019
12/10/2014 21:30,37.79727833,-122.4059268
12/10/2014 21:30,37.79727833,-122.4059268
12/10/2014 16:00,37.77879588,-122.4225365
12/9/2014 9:05,37.75648641,-122.4065391
12/9/2014 9:05,37.75648641,-122.4065391
12/8/2014 7:30,37.75064029,-122.4182893
12/8/2014 7:30,37.75064029,-122.4182893
11/30/2014 12:00,37.75648641,-122.4065391
11/28/2014 5:45,37.78175894,-122.4151206
11/28/2014 5:45,37.78175894,-122.4151206
11/28/2014 5:00,37.77626951,-122.4172576
11/27/2014 17:38,37.71469453,-122.4852263
11/25/2014 21:00,37.7722643,-122.4296446
11/25/2014 16:00,37.78553558,-122.4113028
11/25/2014 4:50,37.75361785,-122.3955133
11/24/2014 8:40,37.75648641,-122.4065391
11/24/2014 8:40,37.75648641,-122.4065391
11/24/2014 6:00,37.792933,-122.4059673
11/24/2014 0:30,37.76348501,-122.434229
11/16/2014 18:30,37.75813172,-122.4009619
11/14/2014 22:00,37.74449751,-122.4267477
11/14/2014 20:00,37.75982792,-122.4259205
11/14/2014 15:45,37.73475981,-122.4543637
11/14/2014 15:45,37.73475981,-122.4543637
11/13/2014 17:20,37.71553594,-122.4409283
11/13/2014 12:00,37.76560586,-122.4104888
11/12/2014 17:00,37.77913875,-122.4166077
11/12/2014 14:20,37.80212846,-122.4114221
11/12/2014 0:01,37.76754845,-122.4184089
11/11/2014 13:50,37.7644228,-122.4094083
11/11/2014 13:50,37.7644228,-122.4094083
11/11/2014 13:50,37.7644228,-122.4094083
11/10/2014 9:00,37.75648641,-122.4065391
11/10/2014 9:00,37.75648641,-122.4065391
11/2/2014 22:45,37.76097661,-122.4344574
11/2/2014 22:45,37.76097661,-122.4344574
11/2/2014 22:30,37.76176772,-122.4350121
11/1/2014 23:33,37.79760995,-122.4318319
11/1/2014 23:33,37.79760995,-122.4318319
11/1/2014 8:00,37.72882763,-122.3803483
11/1/2014 1:20,37.79120512,-122.4080633
11/1/2014 1:05,37.79641217,-122.4039801
11/1/2014 0:30,37.77884622,-122.4457104
10/31/2014 12:00,37.78499964,-122.4210923
10/31/2014 0:30,37.79412545,-122.4180941
10/30/2014 23:00,37.79592421,-122.4167072
10/30/2014 13:24,37.77829352,-122.4154488
10/28/2014 16:38,37.78097067,-122.4087106
10/27/2014 21:54,37.78131971,-122.3990457
10/19/2014 11:30,37.78549414,-122.4082707
10/16/2014 17:00,37.73894527,-122.3878758
10/16/2014 15:25,37.78399168,-122.4080683
10/16/2014 9:50,37.75648641,-122.4065391
10/16/2014 0:02,37.79038469,-122.4140953
10/15/2014 23:00,37.76739517,-122.4212022
10/15/2014 23:00,37.76739517,-122.4212022
10/15/2014 22:13,37.79431956,-122.4130138
10/15/2014 18:00,37.78820745,-122.4311845
10/15/2014 9:00,37.73310464,-122.4360107
10/15/2014 9:00,37.73310464,-122.4360107
10/15/2014 9:00,37.73310464,-122.4360107
10/14/2014 16:00,37.78824979,-122.4000048
10/14/2014 16:00,37.75648641,-122.4065391
10/14/2014 12:00,37.79818282,-122.4264521
10/14/2014 11:17,37.76170072,-122.4215817
10/5/2014 18:00,37.77381783,-122.4544031
10/5/2014 12:30,37.70898883,-122.4567543
10/5/2014 12:00,37.78203871,-122.4023215
10/5/2014 7:00,37.76061868,-122.4261533
10/5/2014 7:00,37.76061868,-122.4261533
10/5/2014 7:00,37.76061868,-122.4261533
10/5/2014 7:00,37.76061868,-122.4261533
10/4/2014 21:50,37.78543648,-122.4153361
10/4/2014 2:05,37.75064361,-122.4191358
10/4/2014 0:55,37.75406528,-122.4215663
10/3/2014 16:45,37.75762172,-122.4188873
10/2/2014 11:30,37.75761347,-122.4190253
10/1/2014 16:00,37.74226404,-122.4923088
10/1/2014 16:00,37.74226404,-122.4923088
10/1/2014 16:00,37.74226404,-122.4923088
10/1/2014 12:00,37.78959528,-122.4170443
10/1/2014 12:00,37.78959528,-122.4170443
9/30/2014 18:00,37.73033114,-122.3951523
9/29/2014 15:48,37.75343066,-122.4262166
9/21/2014 3:00,37.77650191,-122.414953
9/20/2014 22:00,37.76745403,-122.4199709
9/20/2014 18:30,37.79844921,-122.4016403
9/20/2014 3:29,37.73905223,-122.5023485
9/19/2014 23:45,37.75902271,-122.402086
9/19/2014 2:40,37.76642514,-122.4364426
9/17/2014 23:50,37.78953369,-122.4289097
9/17/2014 23:50,37.78953369,-122.4289097
9/6/2014 11:51,37.75648641,-122.4065391
9/5/2014 23:30,37.73169914,-122.4370426
9/5/2014 21:00,37.77745633,-122.4792414
9/5/2014 20:00,37.75942275,-122.4190589
9/5/2014 6:00,37.78812427,-122.4176729
9/4/2014 15:48,37.72190214,-122.4556442
9/4/2014 0:45,37.75506767,-122.4112639
9/2/2014 0:15,37.77903241,-122.4018464
9/1/2014 21:00,37.75648641,-122.4065391
9/1/2014 17:00,37.78538982,-122.4090932
9/1/2014 9:00,37.80483844,-122.4193593
9/1/2014 5:00,37.78973916,-122.4120789
8/24/2014 23:00,37.78399168,-122.4080683
8/24/2014 9:40,37.75015774,-122.4126924
8/23/2014 17:00,37.78284198,-122.4216671
8/22/2014 12:00,37.77203326,-122.4192305
8/22/2014 10:00,37.78387108,-122.4413714
8/22/2014 3:52,37.77638271,-122.3941026
8/21/2014 16:00,37.78393203,-122.4125974
8/21/2014 12:00,37.78113406,-122.4090112
8/20/2014 23:15,37.72830168,-122.421358
8/20/2014 11:00,37.76449029,-122.4771112
8/20/2014 9:30,37.77883232,-122.4156425
8/19/2014 21:45,37.79046197,-122.4139182
8/19/2014 17:35,37.77817623,-122.4282716
8/19/2014 12:00,37.78221257,-122.4374734
8/10/2014 21:45,37.76402983,-122.5093996
8/10/2014 14:00,37.77375094,-122.4179754
8/10/2014 5:30,37.72703923,-122.4032771
8/9/2014 15:12,37.77417865,-122.5100325
8/9/2014 1:00,37.79301225,-122.4143576
8/8/2014 8:00,37.75524268,-122.4083505
8/7/2014 23:00,37.78606884,-122.4146454
8/7/2014 21:30,37.78351007,-122.4053955
8/7/2014 10:30,37.79337819,-122.3981953
8/6/2014 23:30,37.72055524,-122.3876946
8/5/2014 21:30,37.78225009,-122.4112686
8/5/2014 8:36,37.78502266,-122.4119876
8/5/2014 8:36,37.78502266,-122.4119876
8/4/2014 13:05,37.77542071,-122.4034048
8/4/2014 0:30,37.72738402,-122.3841613
7/27/2014 22:25,37.73565064,-122.4483071
7/27/2014 21:00,37.75648641,-122.4065391
7/27/2014 19:00,37.78832763,-122.4463057
7/26/2014 2:00,37.78408904,-122.4118001
7/26/2014 1:35,37.78714881,-122.4098766
7/25/2014 16:30,37.71960053,-122.4694096
7/25/2014 10:45,37.79805325,-122.3963744
7/24/2014 15:35,37.7723132,-122.5098954
7/24/2014 10:45,37.75864854,-122.4820855
7/24/2014 10:10,37.75648641,-122.4065391
7/24/2014 0:01,37.78843068,-122.4185628
7/23/2014 15:07,37.72050646,-122.3903603
7/21/2014 23:00,37.77589275,-122.409999
7/21/2014 23:00,37.77589275,-122.409999
7/21/2014 19:48,37.75409869,-122.4142338
7/21/2014 12:00,37.78312974,-122.4805873
7/21/2014 12:00,37.78312974,-122.4805873
7/13/2014 3:43,37.77802457,-122.4154442
7/12/2014 20:15,37.76724422,-122.5102257
7/11/2014 2:05,37.78604922,-122.4189401
7/10/2014 14:13,37.79466607,-122.4031433
7/10/2014 11:15,37.79267912,-122.3968535
7/7/2014 15:30,37.77687667,-122.4919568
7/7/2014 8:30,37.75648641,-122.4065391
7/7/2014 0:01,37.78553558,-122.4113028
6/29/2014 19:30,37.77749368,-122.4162938
6/29/2014 13:05,37.78321452,-122.4107688
6/28/2014 0:01,37.72993469,-122.3977444
6/27/2014 20:30,37.71588491,-122.4547971
6/27/2014 20:30,37.71588491,-122.4547971
6/27/2014 20:00,37.74943604,-122.4115952
6/27/2014 6:00,37.79620462,-122.4236828
6/27/2014 2:00,37.78817732,-122.4210059
6/26/2014 21:15,37.73882143,-122.4856038
6/26/2014 21:15,37.73882143,-122.4856038
6/26/2014 21:15,37.73882143,-122.4856038
6/26/2014 20:00,37.7801135,-122.4098928
6/26/2014 20:00,37.7801135,-122.4098928
6/26/2014 5:40,37.78393203,-122.4125974
6/26/2014 0:01,37.77245369,-122.5068211
6/25/2014 22:00,37.77245369,-122.5068211
6/24/2014 21:10,37.78461866,-122.4688413
6/23/2014 14:15,37.74549865,-122.3945595
6/23/2014 3:45,37.78441698,-122.4126221
6/23/2014 0:30,37.72096696,-122.3871816
6/15/2014 1:00,37.78604322,-122.4105093
6/13/2014 19:00,37.7605004,-122.4404856
6/13/2014 16:00,37.786136,-122.3939682
6/12/2014 11:00,37.77545234,-122.4421495
6/12/2014 0:01,37.75788012,-122.4179558
6/11/2014 17:00,37.75881687,-122.4097697
6/11/2014 17:00,37.75881687,-122.4097697
6/10/2014 0:01,37.73530493,-122.3883584
6/10/2014 0:01,37.76274366,-122.4217477
6/9/2014 21:00,37.78106943,-122.4475175
6/9/2014 17:55,37.72737376,-122.4326496
6/1/2014 12:00,37.7764112,-122.4271153
6/1/2014 0:01,37.74815547,-122.4586802
5/31/2014 18:15,37.78230431,-122.449636
5/31/2014 12:00,37.78367787,-122.4109284
5/30/2014 23:30,37.79205607,-122.4086033
5/30/2014 2:00,37.79299795,-122.4237213
5/30/2014 2:00,37.79299795,-122.4237213
5/29/2014 20:00,37.78613713,-122.4198583
5/29/2014 20:00,37.78613713,-122.4198583
5/29/2014 19:45,37.75276673,-122.4105198
5/29/2014 17:49,37.78498431,-122.4808605
5/28/2014 18:25,37.71645868,-122.4410181
5/28/2014 17:33,37.78306799,-122.4157217
5/28/2014 10:15,37.78061488,-122.4165778
5/27/2014 14:00,37.7774958,-122.4022341
5/26/2014 21:00,37.77250387,-122.4226225
5/26/2014 12:00,37.71281891,-122.4361546
5/26/2014 12:00,37.71281891,-122.4361546
5/26/2014 0:30,37.75285342,-122.4081924
5/18/2014 22:00,37.71319385,-122.4560505
5/18/2014 3:00,37.78709976,-122.3941345
5/18/2014 3:00,37.78709976,-122.3941345
5/18/2014 2:00,37.71701396,-122.4688611
5/17/2014 3:15,37.79850835,-122.4097917
5/17/2014 0:01,37.7200686,-122.4805272
5/17/2014 0:01,37.7200686,-122.4805272
5/17/2014 0:01,37.7200686,-122.4805272
5/16/2014 18:00,37.78910955,-122.4170193
5/16/2014 9:00,37.78338624,-122.4098537
5/16/2014 1:15,37.78086427,-122.4288185
5/15/2014 15:00,37.71409711,-122.4608468
5/15/2014 13:00,37.75475683,-122.4164196
5/15/2014 13:00,37.75475683,-122.4164196
5/14/2014 23:50,37.79667866,-122.4090611
5/14/2014 22:15,37.80763875,-122.413179
5/4/2014 6:15,37.76476595,-122.413123
5/4/2014 6:15,37.76476595,-122.413123
5/3/2014 17:58,37.78959528,-122.4170443
5/3/2014 17:58,37.78959528,-122.4170443
5/3/2014 16:30,37.75690115,-122.4211185
5/3/2014 14:30,37.75647449,-122.4346518
5/3/2014 14:30,37.75647449,-122.4346518
5/3/2014 6:00,37.76972086,-122.4179492
5/3/2014 5:30,37.73056369,-122.389769
5/2/2014 23:00,37.77973249,-122.5104961
5/2/2014 19:20,37.72199158,-122.4367498
5/2/2014 13:00,37.76724463,-122.4360766
5/1/2014 16:00,37.71191554,-122.4160002
5/1/2014 12:00,37.77542071,-122.4034048
5/1/2014 0:01,37.77542071,-122.4034048
4/30/2014 19:00,37.72312883,-122.4359772
4/30/2014 18:00,37.77753219,-122.4408795
4/29/2014 16:30,37.71201642,-122.4007888
4/28/2014 12:00,37.71645868,-122.4410181
4/28/2014 0:01,37.75648641,-122.4065391
4/20/2014 15:30,37.78237104,-122.4480431
4/18/2014 23:00,37.74954977,-122.4227657
4/18/2014 20:00,37.78502266,-122.4119876
4/17/2014 18:19,37.72924675,-122.4124806
4/16/2014 16:30,37.78331041,-122.3883799
4/16/2014 16:30,37.78331041,-122.3883799
4/14/2014 12:50,37.72495025,-122.4612085
4/14/2014 11:30,37.72385901,-122.4556159
4/6/2014 20:25,37.79043069,-122.4256425
4/6/2014 20:25,37.79043069,-122.4256425
4/6/2014 0:01,37.76097661,-122.4344574
4/6/2014 0:01,37.76097661,-122.4344574
4/6/2014 0:01,37.76097661,-122.4344574
4/5/2014 10:00,37.73475709,-122.4251815
4/5/2014 1:00,37.77437522,-122.5057452
4/4/2014 12:05,37.76945562,-122.4291288
4/4/2014 1:00,37.77649448,-122.4113591
4/4/2014 0:01,37.7301293,-122.3873331
4/4/2014 0:01,37.76093326,-122.4333433
4/2/2014 22:30,37.71499772,-122.442127
4/1/2014 20:00,37.77417251,-122.5101707
4/1/2014 20:00,37.77417251,-122.5101707
4/1/2014 15:45,37.76323239,-122.4194244
4/1/2014 13:00,37.72817127,-122.4277935
4/1/2014 0:01,37.75856417,-122.4067253
4/1/2014 0:01,37.78394074,-122.4129695
3/31/2014 23:00,37.79971945,-122.4410111
3/31/2014 2:00,37.78599306,-122.3950625
3/23/2014 21:00,37.71172271,-122.4052482
3/23/2014 17:45,37.72975099,-122.5065746
3/23/2014 3:30,37.7915231,-122.424321
3/22/2014 22:30,37.78667896,-122.4025787
3/22/2014 18:00,37.75633027,-122.3955654
3/22/2014 15:30,37.72358479,-122.4617714
3/21/2014 20:41,37.75648641,-122.4065391
3/21/2014 12:45,37.77994441,-122.4143179
3/20/2014 20:15,37.78481637,-122.4094735
3/20/2014 18:00,37.73585406,-122.4369336
3/19/2014 17:00,37.72569336,-122.4522897
3/19/2014 15:30,37.76505012,-122.4196718
3/19/2014 14:00,37.72569336,-122.4522897
3/19/2014 13:00,37.78369523,-122.4107917
3/19/2014 13:00,37.78369523,-122.4107917
3/19/2014 13:00,37.78369523,-122.4107917
3/17/2014 12:00,37.77373225,-122.4290177
3/9/2014 21:30,37.78759616,-122.4209419
3/9/2014 15:00,37.77731032,-122.3931106
3/9/2014 3:00,37.78800653,-122.3998021
3/8/2014 23:50,37.74526077,-122.4212288
3/8/2014 21:45,37.74278187,-122.4491726
3/8/2014 20:00,37.79672826,-122.4100535
3/8/2014 17:46,37.75648641,-122.4065391
3/8/2014 17:46,37.75648641,-122.4065391
3/8/2014 16:30,37.77638271,-122.3941026
3/8/2014 1:00,37.78402802,-122.4312404
3/8/2014 1:00,37.78402802,-122.4312404
3/7/2014 17:00,37.73105364,-122.4763839
3/7/2014 11:00,37.74815547,-122.4586802
3/7/2014 11:00,37.79258474,-122.4010999
3/7/2014 11:00,37.79258474,-122.4010999
3/7/2014 2:04,37.73203743,-122.3800288
3/6/2014 19:15,37.80304553,-122.4257469
3/6/2014 17:43,37.72991181,-122.4358155
3/5/2014 21:50,37.79221047,-122.4082642
3/5/2014 16:52,37.77994441,-122.4143179
3/5/2014 0:01,37.78981,-122.4338001
3/5/2014 0:01,37.78981,-122.4338001
3/4/2014 17:00,37.78328787,-122.4089536
3/4/2014 12:00,37.72844418,-122.3860292
3/4/2014 12:00,37.72844418,-122.3860292
3/4/2014 0:10,37.73118943,-122.3892062
3/3/2014 23:00,37.78629619,-122.4084963
3/3/2014 17:15,37.75856417,-122.4067253
3/3/2014 14:15,37.72403765,-122.4021095
3/3/2014 12:00,37.7658511,-122.4196766
3/3/2014 5:55,37.78367196,-122.4150887
3/3/2014 2:30,37.71366579,-122.4421381
3/3/2014 2:30,37.71366579,-122.4421381
2/23/2014 14:05,37.76724422,-122.5102257
2/23/2014 3:00,37.79092164,-122.4249867
2/23/2014 0:01,37.77259098,-122.4061097
2/23/2014 0:01,37.77259098,-122.4061097
2/23/2014 0:01,37.77259098,-122.4061097
2/22/2014 20:00,37.75263998,-122.4014842
2/22/2014 2:47,37.71434529,-122.4648595
2/21/2014 9:40,37.78237104,-122.4480431
2/21/2014 9:40,37.78237104,-122.4480431
2/19/2014 20:00,37.79819133,-122.40368
2/18/2014 12:00,37.77262672,-122.4199873
2/18/2014 7:45,37.72941503,-122.3879778
2/17/2014 17:35,37.7572993,-122.4145447
2/17/2014 14:30,37.71932764,-122.4379284
2/17/2014 14:30,37.71932764,-122.4379284
2/9/2014 3:00,37.7868009,-122.4028355
2/9/2014 3:00,37.7868009,-122.4028355
2/9/2014 2:00,37.77620758,-122.4203321
2/8/2014 13:00,37.76972086,-122.4179492
2/7/2014 19:30,37.76505012,-122.4196718
2/6/2014 12:17,37.78090397,-122.4119795
2/6/2014 0:30,37.78411731,-122.395504
2/4/2014 7:56,37.78682621,-122.4199301
2/3/2014 9:00,37.77599153,-122.4304031
1/26/2014 2:00,37.74324429,-122.4350955
1/26/2014 2:00,37.80080572,-122.4159257
1/26/2014 2:00,37.80080572,-122.4159257
1/25/2014 23:30,37.78144635,-122.4171468
1/25/2014 12:00,37.7336342,-122.3912434
1/25/2014 4:00,37.76493078,-122.4428694
1/25/2014 4:00,37.76493078,-122.4428694
1/24/2014 20:13,37.76830441,-122.4203843
1/24/2014 13:15,37.78220007,-122.4588576
1/24/2014 2:57,37.78076803,-122.4696287
1/22/2014 20:30,37.76442252,-122.4163748
1/22/2014 11:27,37.72153543,-122.4010737
1/22/2014 8:40,37.78200878,-122.4198206
1/22/2014 1:00,37.71567436,-122.4394381
1/21/2014 9:30,37.75648641,-122.4065391
1/20/2014 20:00,37.70831097,-122.4200841
1/20/2014 20:00,37.70831097,-122.4200841
1/12/2014 3:00,37.78832354,-122.411857
1/12/2014 3:00,37.78832354,-122.411857
1/11/2014 10:00,37.73475709,-122.4251815
1/11/2014 10:00,37.73475709,-122.4251815
1/11/2014 9:00,37.75982792,-122.4259205
1/11/2014 5:10,37.78426455,-122.4046363
1/11/2014 5:10,37.78426455,-122.4046363
1/10/2014 9:00,37.78272397,-122.3961679
1/9/2014 15:00,37.7344579,-122.4332602
1/8/2014 21:00,37.77951403,-122.4135641
1/8/2014 3:00,37.7575417,-122.4325706
1/8/2014 1:00,37.7703482,-122.4097388
1/7/2014 6:30,37.72882763,-122.3803483
1/6/2014 20:00,37.75666781,-122.3879977
1/6/2014 8:00,37.77707419,-122.4169911
12/29/2013 13:58,37.78504825,-122.4050648
12/28/2013 6:00,37.78608624,-122.4332747
12/27/2013 12:00,37.78613713,-122.4198583
12/27/2013 10:00,37.78959528,-122.4170443
12/26/2013 10:00,37.7849475,-122.4177853
12/15/2013 2:30,37.79796746,-122.402205
12/14/2013 13:00,37.75742571,-122.4440873
12/12/2013 9:47,37.71232207,-122.4126111
12/12/2013 3:00,37.72966226,-122.3749309
12/11/2013 22:33,37.74358477,-122.4212643
12/11/2013 12:00,37.78070083,-122.4084666
12/11/2013 6:00,37.71854819,-122.3901995
12/10/2013 17:45,37.76429519,-122.4815427
12/10/2013 14:15,37.72997569,-122.3821102
12/1/2013 18:00,37.75648641,-122.4065391
12/1/2013 3:00,37.75319292,-122.4786187
12/1/2013 2:00,37.78961152,-122.4187282
11/28/2013 23:30,37.78244651,-122.416343
11/28/2013 0:33,37.73526394,-122.4129484
11/28/2013 0:33,37.73526394,-122.4129484
11/28/2013 0:01,37.74919905,-122.4145932
11/28/2013 0:01,37.78507362,-122.4111419
11/17/2013 20:00,37.74358477,-122.4212643
11/17/2013 17:00,37.78890624,-122.4338431
11/17/2013 17:00,37.78890624,-122.4338431
11/17/2013 16:35,37.74445153,-122.5072452
11/17/2013 15:30,37.71134253,-122.4575494
11/16/2013 15:00,37.75648641,-122.4065391
11/16/2013 10:10,37.78440118,-122.4075459
11/16/2013 2:30,37.75648641,-122.4065391
11/14/2013 21:30,37.80150331,-122.4237544
11/14/2013 18:00,37.76750273,-122.42895
11/14/2013 18:00,37.78594073,-122.4189184
11/14/2013 15:00,37.77542071,-122.4034048
11/12/2013 21:10,37.7963645,-122.4106906
11/12/2013 9:00,37.78053454,-122.408163
11/12/2013 8:00,37.76867464,-122.4781955
11/11/2013 18:15,37.78418935,-122.4076335
11/11/2013 17:30,37.7191792,-122.3915492
11/11/2013 17:30,37.7191792,-122.3915492
11/11/2013 17:30,37.7191792,-122.3915492
11/11/2013 17:00,37.80463488,-122.4142668
11/3/2013 9:00,37.78525696,-122.4229123
11/3/2013 9:00,37.78525696,-122.4229123
11/2/2013 22:30,37.7877641,-122.4099253
11/2/2013 14:00,37.79510065,-122.4048478
11/2/2013 7:10,37.78367787,-122.4109284
11/1/2013 8:30,37.74089079,-122.4658286
11/1/2013 2:00,37.73673726,-122.424236
11/1/2013 2:00,37.73673726,-122.424236
11/1/2013 0:01,37.78063886,-122.4380984
11/1/2013 0:01,37.78063886,-122.4380984
11/1/2013 0:01,37.73490503,-122.3863042
10/31/2013 4:05,37.79263323,-122.4261587
10/31/2013 4:05,37.79263323,-122.4261587
10/31/2013 0:01,37.75049729,-122.4069921
10/30/2013 1:00,37.7683036,-122.4243228
10/29/2013 8:00,37.7141402,-122.4102531
10/29/2013 3:00,37.78727715,-122.4168252
10/29/2013 0:01,37.78509749,-122.4128992
10/28/2013 13:45,37.7935249,-122.4053965
10/28/2013 13:45,37.7935249,-122.4053965
10/20/2013 0:35,37.7816349,-122.4059304
10/19/2013 17:00,37.7854922,-122.4078542
10/17/2013 15:30,37.73278994,-122.3912576
10/17/2013 9:00,37.80100994,-122.411854
10/17/2013 6:30,37.72938671,-122.3836616
10/14/2013 4:00,37.72123033,-122.4253872
10/14/2013 4:00,37.72123033,-122.4253872
10/14/2013 4:00,37.72123033,-122.4253872
10/14/2013 2:00,37.76213072,-122.4215502
10/14/2013 2:00,37.76213072,-122.4215502
10/14/2013 2:00,37.76213072,-122.4215502
10/6/2013 17:00,37.77753219,-122.4408795
10/6/2013 17:00,37.77753219,-122.4408795
10/4/2013 17:00,37.78338624,-122.4098537
10/4/2013 13:00,37.71219983,-122.4208641
10/4/2013 11:59,37.79904976,-122.4239074
10/3/2013 15:00,37.72624749,-122.3954847
10/2/2013 1:15,37.77225454,-122.4364041
10/2/2013 1:15,37.77225454,-122.4364041
10/1/2013 0:01,37.73174083,-122.475036
10/1/2013 0:01,37.73174083,-122.475036
10/1/2013 0:01,37.73174083,-122.475036
9/30/2013 22:00,37.77858532,-122.4085208
9/30/2013 9:00,37.79212562,-122.3979204
9/30/2013 7:50,37.78627746,-122.4129991
9/22/2013 17:30,37.76812655,-122.4233319
9/22/2013 10:00,37.78959528,-122.4170443
9/22/2013 6:10,37.78203871,-122.4023215
9/22/2013 3:00,37.75982189,-122.4098721
9/20/2013 18:33,37.75403431,-122.415322
9/20/2013 9:10,37.75841205,-122.4191011
9/19/2013 23:00,37.76408889,-122.4218765
9/19/2013 13:00,37.79713728,-122.4346731
9/19/2013 7:44,37.77972561,-122.43112
9/18/2013 12:46,37.74982929,-122.4181411
9/8/2013 16:00,37.74312863,-122.4751478
9/8/2013 14:30,37.71310723,-122.3878337
9/7/2013 16:29,37.78084263,-122.3953404
9/7/2013 16:29,37.78084263,-122.3953404
9/7/2013 4:00,37.78194067,-122.4358144
9/7/2013 1:30,37.73545612,-122.4264629
9/6/2013 17:00,37.72660529,-122.4323818
9/4/2013 8:00,37.73040266,-122.4203067
9/4/2013 8:00,37.73040266,-122.4203067
8/25/2013 20:00,37.71310723,-122.3878337
8/25/2013 13:00,37.77774275,-122.4392229
8/24/2013 19:30,37.75356457,-122.3956354
8/24/2013 15:55,37.7591352,-122.4107618
8/23/2013 18:00,37.71106091,-122.4642971
8/22/2013 17:30,37.79376509,-122.4066639
8/21/2013 23:40,37.79105457,-122.4207137
8/21/2013 23:30,37.77542071,-122.4034048
8/20/2013 19:27,37.79036558,-122.4071522
8/20/2013 16:30,37.75762161,-122.4100626
8/20/2013 16:17,37.75108819,-122.4239766
8/20/2013 14:00,37.80336134,-122.4241235
8/20/2013 11:46,37.75274831,-122.4230619
8/19/2013 19:10,37.72116508,-122.4374615
8/11/2013 19:00,37.76505012,-122.4196718
8/10/2013 21:30,37.77542071,-122.4034048
8/10/2013 2:00,37.78573311,-122.4205711
8/10/2013 1:00,37.71995836,-122.4617434
8/8/2013 17:00,37.80187841,-122.407901
8/8/2013 10:12,37.75621666,-122.4188918
8/8/2013 3:30,37.79175718,-122.4184062
8/7/2013 13:00,37.77520405,-122.4687069
8/7/2013 13:00,37.77520405,-122.4687069
8/7/2013 6:00,37.71710792,-122.4767585
8/7/2013 3:00,37.76334804,-122.502978
8/7/2013 0:01,37.78532383,-122.4171073
8/5/2013 15:00,37.79050394,-122.4023552
7/28/2013 22:00,37.78348575,-122.4124369
7/28/2013 19:40,37.75749338,-122.4874495
7/26/2013 23:00,37.78784775,-122.4251215
7/26/2013 21:00,37.73072152,-122.3756052
7/26/2013 21:00,37.72560514,-122.3927913
7/26/2013 18:45,37.72970025,-122.3926197
7/26/2013 10:00,37.78356348,-122.4150669
7/25/2013 1:40,37.77252649,-122.4100785
7/24/2013 17:45,37.77787278,-122.3914251
7/24/2013 16:30,37.74282978,-122.4794477
7/24/2013 7:50,37.7737604,-122.4085184
7/24/2013 1:45,37.78287726,-122.4067605
7/23/2013 0:10,37.77542071,-122.4034048
7/22/2013 23:00,37.78399168,-122.4080683
7/22/2013 0:01,37.76256309,-122.4781942
7/22/2013 0:01,37.7935249,-122.4053965
7/14/2013 19:08,37.76978409,-122.449123
7/11/2013 17:45,37.78597748,-122.4053594
7/11/2013 12:50,37.76417433,-122.4204363
7/10/2013 11:15,37.78369095,-122.4031614
7/10/2013 0:01,37.76158291,-122.4226123
7/9/2013 0:01,37.72493073,-122.4447071
7/9/2013 0:01,37.72493073,-122.4447071
6/30/2013 19:30,37.77349986,-122.4349567
6/30/2013 2:40,37.71117121,-122.4625427
6/29/2013 23:15,37.73244304,-122.3880785
6/29/2013 19:21,37.75820934,-122.412492
6/29/2013 19:00,37.77152366,-122.4388742
6/29/2013 15:45,37.75888272,-122.4291632
6/29/2013 14:00,37.77113324,-122.4575076
6/29/2013 11:30,37.75648641,-122.4065391
6/28/2013 17:40,37.76226434,-122.4193311
6/28/2013 17:40,37.76226434,-122.4193311
6/28/2013 8:00,37.78026558,-122.4033904
6/28/2013 3:00,37.78339831,-122.4242959
6/27/2013 15:00,37.78819061,-122.4185805
6/27/2013 12:00,37.73908574,-122.4161953
6/26/2013 3:20,37.78423629,-122.4177103
6/26/2013 1:00,37.73109989,-122.3892863
6/25/2013 20:00,37.76475739,-122.4236225
6/24/2013 11:30,37.78372403,-122.414243
6/16/2013 12:34,37.76620288,-122.4186137
6/16/2013 1:30,37.71331778,-122.4728759
6/16/2013 1:30,37.71331778,-122.4728759
6/15/2013 20:00,37.77753219,-122.4408795
6/15/2013 19:00,37.76327289,-122.4620334
6/15/2013 16:00,37.77542071,-122.4034048
6/15/2013 16:00,37.76161809,-122.4996299
6/15/2013 2:25,37.78900115,-122.4011429
6/14/2013 1:45,37.78620421,-122.4096862
6/13/2013 21:45,37.78520546,-122.4322303
6/13/2013 21:00,37.80796947,-122.4140032
6/13/2013 18:45,37.78480537,-122.4136313
6/13/2013 2:00,37.7935386,-122.3928891
6/13/2013 0:01,37.78175406,-122.4096964
6/12/2013 11:00,37.77542071,-122.4034048
6/11/2013 11:55,37.78701823,-122.3984595
6/11/2013 10:00,37.78621097,-122.4554684
6/10/2013 15:34,37.75557997,-122.4668639
6/10/2013 14:47,37.75545608,-122.4193083
6/2/2013 23:00,37.78511786,-122.404957
6/2/2013 22:00,37.77467273,-122.4557971
6/2/2013 16:10,37.7914519,-122.3953364
6/2/2013 16:10,37.7914519,-122.3953364
6/2/2013 5:00,37.78740177,-122.4158438
6/2/2013 0:01,37.78161503,-122.4094204
6/1/2013 17:00,37.73674163,-122.3898775
6/1/2013 16:00,37.73759347,-122.3954918
6/1/2013 15:30,37.77883232,-122.4156425
6/1/2013 12:00,37.7494248,-122.4317472
6/1/2013 8:00,37.71182294,-122.4279663
6/1/2013 0:01,37.74982099,-122.4182791
6/1/2013 0:01,37.78513998,-122.454627
6/1/2013 0:01,37.78513998,-122.454627
5/31/2013 16:05,37.79240473,-122.3973878
5/30/2013 8:00,37.73653769,-122.4147078
5/30/2013 8:00,37.73653769,-122.4147078
5/30/2013 0:01,37.79388275,-122.4238982
5/28/2013 18:44,37.77261632,-122.4131707
5/28/2013 18:00,37.781424,-122.4281299
5/28/2013 18:00,37.781424,-122.4281299
5/28/2013 12:10,37.74745526,-122.4814432
5/28/2013 4:00,37.7935191,-122.4187619
5/19/2013 18:00,37.77938679,-122.4470814
5/19/2013 17:30,37.80650123,-122.414636
5/19/2013 16:44,37.77187606,-122.4473145
5/19/2013 11:00,37.76038881,-122.4175772
5/19/2013 2:00,37.76175972,-122.4351501
5/18/2013 20:00,37.75428768,-122.3985807
5/18/2013 20:00,37.75428768,-122.3985807
5/18/2013 7:00,37.76941133,-122.4308076
5/18/2013 2:30,37.76745403,-122.4199709
5/16/2013 11:45,37.75219709,-122.3974869
5/16/2013 0:15,37.71645868,-122.4410181
5/14/2013 17:00,37.72597074,-122.4337437
5/14/2013 17:00,37.72597074,-122.4337437
5/13/2013 15:03,37.78009171,-122.4847317
5/13/2013 1:20,37.79101066,-122.4167337
5/5/2013 23:30,37.72306506,-122.4835693
5/4/2013 17:00,37.78482831,-122.4039713
5/4/2013 17:00,37.78482831,-122.4039713
5/4/2013 0:30,37.78541211,-122.4305793
5/3/2013 20:00,37.71215029,-122.4171448
5/2/2013 22:00,37.76931164,-122.4425975
5/2/2013 20:00,37.75678281,-122.409454
5/2/2013 20:00,37.75678281,-122.409454
5/2/2013 18:00,37.78074731,-122.4381204
5/2/2013 2:00,37.7847099,-122.4178091
5/1/2013 20:53,37.71573288,-122.4517571
5/1/2013 20:02,37.76418195,-122.4205757
5/1/2013 16:30,37.74478827,-122.4995271
5/1/2013 13:00,37.78220007,-122.4588576
4/30/2013 11:00,37.77542071,-122.4034048
4/29/2013 15:30,37.73739925,-122.3920842
4/29/2013 15:30,37.73739925,-122.3920842
4/29/2013 15:30,37.73739925,-122.3920842
4/29/2013 12:28,37.78269112,-122.4095367
4/21/2013 9:00,37.73316747,-122.3926952
4/20/2013 8:50,37.78244651,-122.416343
4/20/2013 8:50,37.78244651,-122.416343
4/20/2013 2:41,37.78614939,-122.4172733
4/20/2013 2:30,37.78854528,-122.4143901
4/19/2013 17:30,37.78527964,-122.4090848
4/18/2013 17:11,37.7658511,-122.4196766
4/17/2013 23:59,37.80525829,-122.4160696
4/17/2013 14:00,37.73565064,-122.4483071
4/16/2013 20:05,37.71580152,-122.4608963
4/16/2013 16:00,37.7804437,-122.4329892
4/16/2013 1:30,37.77463542,-122.4444322
4/7/2013 17:33,37.77542071,-122.4034048
4/7/2013 2:00,37.73560596,-122.4018288
4/6/2013 15:30,37.72588882,-122.3798619
4/6/2013 15:30,37.72588882,-122.3798619
4/6/2013 15:30,37.72588882,-122.3798619
4/6/2013 6:00,37.78418471,-122.4185621
4/5/2013 20:10,37.77089689,-122.4203035
4/5/2013 19:00,37.7806601,-122.4229137
4/5/2013 19:00,37.7806601,-122.4229137
4/5/2013 19:00,37.7806601,-122.4229137
4/5/2013 3:40,37.78916438,-122.4204025
4/5/2013 2:00,37.77978707,-122.4151278
4/4/2013 7:00,37.77307995,-122.4382827
4/3/2013 16:00,37.77912854,-122.4080301
4/3/2013 8:00,37.71885728,-122.4068935
4/1/2013 12:00,37.77300128,-122.4124863
4/1/2013 0:01,37.72750171,-122.3730685
3/24/2013 21:00,37.78845216,-122.420327
3/24/2013 14:12,37.72872953,-122.389983
3/24/2013 4:30,37.77542071,-122.4034048
3/24/2013 4:30,37.77542071,-122.4034048
3/23/2013 23:00,37.77127369,-122.4131894
3/23/2013 23:00,37.77127369,-122.4131894
3/23/2013 2:00,37.76495589,-122.4212403
3/23/2013 2:00,37.77259172,-122.4304651
3/23/2013 0:01,37.73795008,-122.4218988
3/20/2013 21:00,37.77432992,-122.4108025
3/20/2013 3:20,37.78502266,-122.4119876
3/20/2013 3:00,37.76056436,-122.502711
3/19/2013 19:30,37.74299701,-122.4216445
3/19/2013 15:40,37.77542071,-122.4034048
3/18/2013 17:00,37.76255794,-122.4071024
3/18/2013 17:00,37.76255794,-122.4071024
3/18/2013 14:00,37.72998095,-122.5005061
3/18/2013 10:30,37.78139873,-122.4092477
3/18/2013 10:30,37.78139873,-122.4092477
3/18/2013 5:00,37.79415897,-122.413834
3/18/2013 1:00,37.79250357,-122.4075007
3/18/2013 1:00,37.79250357,-122.4075007
3/9/2013 19:00,37.8096707,-122.3655654
3/9/2013 18:10,37.78834012,-122.4075911
3/9/2013 14:50,37.77711522,-122.4867381
3/9/2013 12:15,37.72569336,-122.4522897
3/6/2013 20:30,37.71614471,-122.4626187
3/6/2013 0:02,37.79806998,-122.4132981
3/5/2013 20:15,37.78567204,-122.4068525
2/24/2013 3:00,37.78682621,-122.4199301
2/24/2013 3:00,37.78682621,-122.4199301
2/24/2013 1:30,37.75390261,-122.4175086
2/24/2013 1:25,37.79192145,-122.4175834
2/23/2013 2:30,37.78272397,-122.3961679
2/23/2013 1:00,37.78999923,-122.4096146
2/22/2013 23:40,37.78418471,-122.4185621
2/22/2013 15:30,37.76613439,-122.4219351
2/22/2013 15:30,37.76613439,-122.4219351
2/21/2013 23:30,37.78753384,-122.4200009
2/21/2013 23:00,37.77499264,-122.4131631
2/21/2013 23:00,37.77499264,-122.4131631
2/20/2013 20:45,37.77482262,-122.4198423
2/20/2013 16:42,37.7849475,-122.4177853
2/19/2013 22:00,37.77520405,-122.4687069
2/19/2013 22:00,37.77520405,-122.4687069
2/19/2013 16:30,37.75315095,-122.4164071
2/10/2013 21:00,37.78367787,-122.4109284
2/10/2013 20:03,37.78875942,-122.4085684
2/10/2013 1:00,37.70881614,-122.4188297
2/9/2013 8:00,37.75715804,-122.4066049
2/9/2013 0:20,37.71162579,-122.4322147
2/8/2013 19:30,37.75597181,-122.4089609
2/8/2013 15:00,37.72807546,-122.3929317
2/8/2013 10:00,37.73795008,-122.4218988
2/8/2013 1:30,37.72897973,-122.3855455
2/7/2013 16:00,37.77858957,-122.4116262
2/6/2013 9:10,37.78040196,-122.4010846
2/5/2013 20:49,37.72020313,-122.434413
2/5/2013 7:30,37.78560876,-122.4148505
2/4/2013 3:45,37.76158291,-122.4226123
2/4/2013 3:45,37.76158291,-122.4226123
2/4/2013 3:45,37.76158291,-122.4226123
2/4/2013 0:01,37.77211585,-122.4229248
1/27/2013 20:30,37.78664631,-122.4663087
1/26/2013 5:10,37.77542071,-122.4034048
1/26/2013 3:00,37.77542071,-122.4034048
1/26/2013 3:00,37.72431647,-122.4581899
1/26/2013 0:57,37.79812193,-122.4050875
1/26/2013 0:30,37.77661445,-122.3922109
1/25/2013 11:12,37.74746132,-122.481305
1/25/2013 11:00,37.72446584,-122.439789
1/25/2013 2:00,37.77542071,-122.4034048
1/25/2013 2:00,37.77542071,-122.4034048
1/25/2013 2:00,37.77542071,-122.4034048
1/24/2013 10:30,37.77542071,-122.4034048
1/24/2013 3:00,37.78604322,-122.4105093
1/22/2013 12:00,37.78172,-122.4696281
1/22/2013 12:00,37.78172,-122.4696281
1/13/2013 3:40,37.78545749,-122.400916
1/12/2013 20:14,37.71310723,-122.3878337
1/12/2013 19:45,37.80151469,-122.4040033
1/12/2013 17:35,37.76863575,-122.4233569
1/11/2013 2:15,37.78903977,-122.4018331
1/10/2013 18:26,37.72269602,-122.4531737
1/10/2013 11:53,37.72576292,-122.4339846
1/10/2013 0:01,37.78168509,-122.4341376
1/10/2013 0:01,37.78168509,-122.4341376
1/9/2013 12:30,37.72922337,-122.4151944
1/9/2013 12:30,37.72922337,-122.4151944
1/9/2013 0:20,37.76082284,-122.4361153
12/30/2012 16:15,37.78296982,-122.4649729
12/29/2012 23:00,37.78325838,-122.418382
12/29/2012 17:30,37.77542071,-122.4034048
12/29/2012 16:21,37.73498444,-122.4566865
12/28/2012 19:00,37.77063059,-122.4124833
12/28/2012 2:00,37.78213725,-122.3978145
12/28/2012 2:00,37.78213725,-122.3978145
12/27/2012 20:30,37.73741566,-122.4683102
12/27/2012 1:55,37.79559615,-122.4105011
12/26/2012 19:00,37.75242738,-122.3945886
12/25/2012 0:40,37.75673464,-122.4239166
12/16/2012 7:21,37.7850961,-122.4127588
12/16/2012 1:50,37.7691663,-122.4535346
12/16/2012 1:00,37.76285148,-122.3917271
12/15/2012 0:02,37.78301893,-122.4639021
12/13/2012 20:30,37.75856417,-122.4067253
12/13/2012 20:00,37.74574514,-122.4527167
12/13/2012 18:55,37.78444966,-122.4160753
12/13/2012 17:37,37.71580152,-122.4608963
12/13/2012 1:30,37.76544607,-122.4773091
12/13/2012 1:30,37.76544607,-122.4773091
12/11/2012 15:03,37.77542071,-122.4034048
12/10/2012 0:30,37.76012965,-122.4218676
12/2/2012 16:00,37.78526863,-122.40307
12/2/2012 0:01,37.73827418,-122.4775767
12/1/2012 12:00,37.77896208,-122.4879432
11/30/2012 1:25,37.76486667,-122.4236373
11/30/2012 0:01,37.78613713,-122.4198583
11/29/2012 19:30,37.72307871,-122.4523301
11/29/2012 12:30,37.77099453,-122.4188147
11/29/2012 6:24,37.77761763,-122.4118741
11/29/2012 1:00,37.77885897,-122.4015286
11/28/2012 3:00,37.78327673,-122.4140811
11/28/2012 1:20,37.75869682,-122.4179645
11/27/2012 1:51,37.73748619,-122.3888793
11/27/2012 1:51,37.73748619,-122.3888793
11/27/2012 0:30,37.76815301,-122.4543301
11/27/2012 0:01,37.77542071,-122.4034048
11/26/2012 22:00,37.75146834,-122.4178706
11/26/2012 20:10,37.78418935,-122.4076335
11/26/2012 9:30,37.77693101,-122.4221593
11/18/2012 17:50,37.78447885,-122.4042702
11/18/2012 1:26,37.76743228,-122.4018435
11/17/2012 22:51,37.79414474,-122.3964219
11/17/2012 22:51,37.79414474,-122.3964219
11/17/2012 22:51,37.79414474,-122.3964219
11/15/2012 0:01,37.76544802,-122.4131076
11/14/2012 13:00,37.75969169,-122.428204
11/14/2012 5:00,37.77542071,-122.4034048
11/13/2012 12:35,37.72918458,-122.466758
11/13/2012 10:40,37.77881574,-122.4093252
11/13/2012 7:44,37.72067943,-122.4351415
11/13/2012 7:15,37.71692339,-122.4340958
11/13/2012 7:15,37.7095752,-122.4218992
11/13/2012 5:11,37.75869682,-122.4179645
11/13/2012 2:00,37.7519226,-122.4100579
11/4/2012 16:00,37.72380963,-122.4367444
11/3/2012 20:50,37.75487964,-122.4143781
11/3/2012 17:45,37.78418935,-122.4076335
11/3/2012 14:10,37.74372682,-122.4811832
11/3/2012 12:00,37.763414,-122.4390887
11/3/2012 2:00,37.77279051,-122.4474977
11/2/2012 23:30,37.76170072,-122.4215817
11/2/2012 17:35,37.76827268,-122.4199834
11/1/2012 18:05,37.79297228,-122.4093653
11/1/2012 18:00,37.78999923,-122.4096146
11/1/2012 12:49,37.76087197,-122.4957507
11/1/2012 12:00,37.76222359,-122.4201015
11/1/2012 9:00,37.74757413,-122.428174
10/31/2012 23:00,37.75808923,-122.4211624
10/31/2012 20:00,37.78594073,-122.4189184
10/31/2012 19:45,37.72848925,-122.4299699
10/31/2012 6:00,37.79629082,-122.4117214
10/30/2012 16:00,37.71470367,-122.4324953
10/30/2012 16:00,37.71470367,-122.4324953
10/30/2012 16:00,37.71470367,-122.4324953
10/30/2012 16:00,37.71470367,-122.4324953
10/30/2012 11:54,37.77542071,-122.4034048
10/29/2012 19:29,37.762099,-122.4150005
10/29/2012 17:55,37.78992,-122.4220627
10/29/2012 1:15,37.7910371,-122.4098263
10/29/2012 1:00,37.73929413,-122.4968495
10/29/2012 1:00,37.73929413,-122.4968495
10/21/2012 3:00,37.77590124,-122.4585529
10/21/2012 3:00,37.78543785,-122.4178854
10/21/2012 1:00,37.71000654,-122.4482544
10/20/2012 21:00,37.72204865,-122.4368679
10/20/2012 0:10,37.78461352,-122.4147816
10/19/2012 15:00,37.77825108,-122.4198849
10/19/2012 15:00,37.77825108,-122.4198849
10/19/2012 15:00,37.77825108,-122.4198849
10/19/2012 0:01,37.752797,-122.4091319
10/19/2012 0:01,37.752797,-122.4091319
10/19/2012 0:01,37.78613713,-122.4198583
10/18/2012 22:28,37.73529907,-122.378929
10/18/2012 20:11,37.77542071,-122.4034048
10/18/2012 3:00,37.78821845,-122.4184459
10/17/2012 19:00,37.77269482,-122.4221883
10/17/2012 15:00,37.71926858,-122.3914688
10/16/2012 23:30,37.75610303,-122.4210425
10/16/2012 22:30,37.76505012,-122.4196718
10/16/2012 10:09,37.71174132,-122.4338212
10/15/2012 21:18,37.77542071,-122.4034048
10/15/2012 17:00,37.74662965,-122.4314143
10/7/2012 22:30,37.76190074,-122.4086862
10/7/2012 16:40,37.71116187,-122.3864521
10/7/2012 2:00,37.77702593,-122.4126203
10/7/2012 1:40,37.78549414,-122.4082707
10/7/2012 1:40,37.78549414,-122.4082707
10/7/2012 0:01,37.78885654,-122.4195082
10/6/2012 23:30,37.718109,-122.4398922
10/6/2012 23:00,37.72616478,-122.4314607
10/6/2012 19:10,37.77542071,-122.4034048
10/6/2012 0:01,37.77542071,-122.4034048
10/6/2012 0:01,37.77542071,-122.4034048
10/5/2012 23:30,37.76422371,-122.4342212
10/5/2012 22:00,37.71215029,-122.4171448
10/5/2012 12:00,37.77305287,-122.4534813
10/5/2012 7:20,37.76531614,-122.4153084
10/4/2012 2:15,37.75363651,-122.4064634
10/4/2012 0:01,37.7801135,-122.4098928
10/3/2012 22:57,37.7518059,-122.424831
10/2/2012 21:00,37.7614967,-122.4388759
10/2/2012 1:07,37.73443231,-122.4307238
10/2/2012 1:07,37.73443231,-122.4307238
10/1/2012 19:00,37.74849651,-122.4442765
10/1/2012 16:00,37.73071181,-122.4093267
10/1/2012 0:01,37.78244651,-122.416343
9/23/2012 22:30,37.79020195,-122.4164087
9/23/2012 22:30,37.79020195,-122.4164087
9/23/2012 16:00,37.78440118,-122.4075459
9/23/2012 14:55,37.7882399,-122.4092561
9/23/2012 12:00,37.73678488,-122.3926438
9/23/2012 12:00,37.73678488,-122.3926438
9/23/2012 12:00,37.73678488,-122.3926438
9/23/2012 4:00,37.74353843,-122.4854686
9/22/2012 2:00,37.78822613,-122.4537694
9/21/2012 23:59,37.77542071,-122.4034048
9/21/2012 21:30,37.77260245,-122.4673492
9/21/2012 21:30,37.77260245,-122.4673492
9/21/2012 16:20,37.76750273,-122.42895
9/21/2012 13:00,37.77867313,-122.405923
9/21/2012 13:00,37.78220007,-122.4588576
9/21/2012 0:01,37.77668096,-122.4962488
9/21/2012 0:01,37.77668096,-122.4962488
9/20/2012 21:00,37.78400505,-122.4532016
9/20/2012 15:15,37.78028737,-122.4337848
9/20/2012 0:20,37.78646014,-122.4525869
9/19/2012 21:45,37.76097661,-122.4344574
9/19/2012 21:45,37.76097661,-122.4344574
9/19/2012 17:25,37.72569336,-122.4522897
9/19/2012 12:00,37.77883482,-122.395986
9/17/2012 16:38,37.77503077,-122.4454654
9/17/2012 16:38,37.77503077,-122.4454654
9/17/2012 13:50,37.75618759,-122.432063
9/9/2012 21:00,37.72877668,-122.3716254
9/9/2012 20:15,37.78367196,-122.4150887
9/9/2012 14:00,37.77542071,-122.4034048
9/9/2012 14:00,37.77542071,-122.4034048
9/9/2012 13:46,37.74807789,-122.4170594
9/8/2012 23:00,37.76203479,-122.4160784
9/7/2012 20:15,37.78662987,-122.4034247
9/7/2012 8:10,37.7798392,-122.4900964
9/7/2012 7:00,37.77457156,-122.5014599
9/6/2012 20:30,37.78535651,-122.4159722
9/6/2012 20:30,37.78535651,-122.4159722
9/6/2012 18:28,37.76491851,-122.4673788
9/6/2012 7:15,37.77542071,-122.4034048
9/6/2012 6:55,37.7988592,-122.3992957
9/6/2012 4:30,37.7645077,-122.4286681
9/5/2012 1:30,37.80448018,-122.4150551
9/5/2012 1:00,37.78447666,-122.4154142
9/3/2012 15:00,37.79331569,-122.4066464
9/3/2012 5:00,37.75068251,-122.4454705
8/26/2012 16:00,37.71594115,-122.4397844
8/25/2012 23:00,37.78906473,-122.4094236
8/25/2012 0:01,37.77542071,-122.4034048
8/24/2012 16:04,37.71918345,-122.3864377
8/23/2012 10:00,37.75315095,-122.4164071
8/22/2012 18:30,37.75448782,-122.4208177
8/22/2012 0:01,37.71610384,-122.4457481
8/20/2012 10:00,37.78950163,-122.4102713
8/20/2012 7:40,37.80816605,-122.4166505
8/20/2012 0:01,37.77382886,-122.4357794
8/12/2012 22:15,37.77853494,-122.4174299
8/11/2012 19:22,37.77542071,-122.4034048
8/11/2012 13:20,37.75856417,-122.4067253
8/11/2012 2:20,37.78691269,-122.4097562
8/9/2012 21:00,37.75172983,-122.3965285
8/8/2012 9:00,37.78998966,-122.4180507
8/7/2012 9:40,37.77748289,-122.4110206
8/7/2012 6:22,37.77542071,-122.4034048
8/6/2012 23:20,37.75942275,-122.4190589
8/6/2012 18:20,37.78533396,-122.4246887
7/28/2012 0:01,37.78782711,-122.4083843
7/27/2012 14:00,37.77843533,-122.4190858
7/27/2012 13:00,37.74042814,-122.4712279
7/27/2012 1:00,37.78048019,-122.3948866
7/26/2012 23:00,37.77542071,-122.4034048
7/25/2012 13:30,37.71225618,-122.417108
7/24/2012 1:05,37.71859659,-122.4838842
7/24/2012 1:05,37.71859659,-122.4838842
7/23/2012 9:00,37.75214381,-122.4209092
7/15/2012 13:00,37.72050646,-122.3903603
7/15/2012 2:00,37.75642209,-122.4154793
7/15/2012 2:00,37.75642209,-122.4154793
7/15/2012 2:00,37.75642209,-122.4154793
7/15/2012 1:00,37.76495589,-122.4212403
7/14/2012 7:00,37.76422056,-122.4196583
7/13/2012 14:31,37.78966894,-122.419673
7/13/2012 13:00,37.72086924,-122.3872476
7/13/2012 13:00,37.72086924,-122.3872476
7/13/2012 11:20,37.74645302,-122.4328649
7/12/2012 20:30,37.78306799,-122.4157217
7/11/2012 17:30,37.7900919,-122.4315656
7/10/2012 15:00,37.7229679,-122.4447467
7/10/2012 9:55,37.78620421,-122.4096862
7/10/2012 4:00,37.77779923,-122.4003024
7/9/2012 21:37,37.77951403,-122.4135641
7/9/2012 1:10,37.76267028,-122.4351877
7/9/2012 1:00,37.78511786,-122.404957
7/1/2012 22:55,37.71132559,-122.4430071
7/1/2012 12:00,37.75142849,-122.4182961
7/1/2012 2:30,37.75155229,-122.416254
7/1/2012 0:01,37.79258474,-122.4010999
6/30/2012 12:00,37.73015769,-122.3759892
6/30/2012 12:00,37.78313157,-122.4335331
6/30/2012 2:00,37.78131971,-122.3990457
6/30/2012 2:00,37.78131971,-122.3990457
6/29/2012 4:00,37.77283777,-122.4096851
6/28/2012 1:00,37.78367196,-122.4150887
6/28/2012 1:00,37.78367196,-122.4150887
6/27/2012 23:30,37.76732466,-122.4459782
6/25/2012 20:30,37.7800333,-122.4642799
6/25/2012 20:30,37.7800333,-122.4642799
6/25/2012 17:50,37.75819328,-122.449492
6/25/2012 1:00,37.75287877,-122.4086647
6/17/2012 3:00,37.78127074,-122.4113396
6/17/2012 3:00,37.78127074,-122.4113396
6/16/2012 20:35,37.7364439,-122.3944389
6/16/2012 0:15,37.79782283,-122.4070183
6/15/2012 17:00,37.77254054,-122.4662047
6/15/2012 2:30,37.76904373,-122.4200345
6/15/2012 2:30,37.76904373,-122.4200345
6/14/2012 13:00,37.76114968,-122.4882501
6/14/2012 8:00,37.77703951,-122.4221809
6/13/2012 18:54,37.73156441,-122.4062601
6/13/2012 18:00,37.784123,-122.4380037
6/13/2012 4:00,37.78127074,-122.4113396
6/13/2012 3:30,37.74986342,-122.4175765
6/11/2012 19:45,37.80843502,-122.4107742
6/11/2012 19:45,37.80843502,-122.4107742
6/11/2012 17:00,37.78152627,-122.4095043
6/11/2012 17:00,37.78152627,-122.4095043
6/11/2012 15:00,37.76422056,-122.4196583
6/11/2012 9:30,37.78020919,-122.4194482
6/11/2012 8:00,37.72766899,-122.3881127
6/3/2012 2:30,37.76422894,-122.4195204
6/2/2012 20:00,37.72132726,-122.4372164
6/2/2012 1:00,37.78469691,-122.4136093
6/1/2012 16:44,37.78336018,-122.4209065
6/1/2012 15:59,37.77754009,-122.4195948
6/1/2012 0:01,37.77811949,-122.4282844
6/1/2012 0:01,37.77357861,-122.411278
5/31/2012 19:53,37.73369177,-122.386955
5/31/2012 16:30,37.79550387,-122.4216089
5/29/2012 10:30,37.78291837,-122.4436429
5/29/2012 0:30,37.77542071,-122.4034048
5/28/2012 5:30,37.78553558,-122.4113028
5/20/2012 11:17,37.77542071,-122.4034048
5/20/2012 3:25,37.76082284,-122.4361153
5/20/2012 3:25,37.76082284,-122.4361153
5/19/2012 7:00,37.71296798,-122.4485152
5/18/2012 22:20,37.75363225,-122.4063243
5/17/2012 20:00,37.78957836,-122.412907
5/14/2012 0:01,37.74815547,-122.4586802
5/6/2012 17:00,37.75206513,-122.420394
5/6/2012 17:00,37.75206513,-122.420394
5/6/2012 16:00,37.77401287,-122.4342718
5/6/2012 16:00,37.77401287,-122.4342718
5/6/2012 16:00,37.77401287,-122.4342718
5/6/2012 1:38,37.79791171,-122.4058622
5/6/2012 1:00,37.77708678,-122.392773
5/5/2012 20:00,37.71604022,-122.3986025
5/4/2012 2:00,37.71812585,-122.434353
5/3/2012 2:00,37.75841205,-122.4191011
5/1/2012 15:00,37.74828278,-122.4830544
5/1/2012 5:15,37.77965932,-122.4387417
5/1/2012 0:01,37.74358477,-122.4212643
5/1/2012 0:01,37.7577361,-122.420352
5/1/2012 0:01,37.71066123,-122.4177204
5/1/2012 0:01,37.70881614,-122.4188297
4/30/2012 11:00,37.72600536,-122.407236
4/22/2012 11:45,37.75301865,-122.4185872
4/21/2012 20:30,37.74919905,-122.4145932
4/21/2012 18:30,37.71901187,-122.4804507
4/21/2012 13:30,37.76508154,-122.420081
4/21/2012 1:40,37.78796526,-122.4184677
4/20/2012 18:30,37.72273178,-122.4329712
4/20/2012 18:30,37.72273178,-122.4329712
4/20/2012 18:30,37.73080661,-122.375513
4/20/2012 18:00,37.74102874,-122.4228424
4/20/2012 16:05,37.73748895,-122.3920044
4/20/2012 12:00,37.78203256,-122.4085344
4/17/2012 23:30,37.80378079,-122.4151158
4/17/2012 9:20,37.77542071,-122.4034048
4/17/2012 9:20,37.77542071,-122.4034048
4/16/2012 18:26,37.77201612,-122.3982227
4/8/2012 14:30,37.71699888,-122.4715541
4/7/2012 19:55,37.7642425,-122.4300316
4/7/2012 14:24,37.79272803,-122.4320953
4/7/2012 14:24,37.79272803,-122.4320953
4/7/2012 12:00,37.78687648,-122.4191044
4/6/2012 18:00,37.71745801,-122.4403882
4/5/2012 12:40,37.78097273,-122.4288404
4/5/2012 5:00,37.77643541,-122.4150649
4/4/2012 14:46,37.71645868,-122.4410181
4/4/2012 3:00,37.78966894,-122.419673
4/4/2012 3:00,37.70969672,-122.4159569
4/4/2012 2:30,37.71663677,-122.4614245
4/3/2012 7:40,37.76499724,-122.4152089
4/2/2012 15:30,37.79822493,-122.4042825
3/25/2012 23:00,37.71089458,-122.4205568
3/25/2012 23:00,37.71089458,-122.4205568
3/25/2012 21:57,37.78046678,-122.4286923
3/25/2012 21:57,37.78046678,-122.4286923
3/25/2012 21:57,37.78046678,-122.4286923
3/25/2012 17:00,37.71918939,-122.4518826
3/24/2012 23:56,37.77542071,-122.4034048
3/24/2012 14:00,37.70944198,-122.4213752
3/24/2012 11:00,37.78418471,-122.4185621
3/24/2012 0:20,37.76012965,-122.4218676
3/23/2012 18:39,37.77372679,-122.4789721
3/21/2012 11:30,37.72187048,-122.44301
3/21/2012 5:50,37.72096696,-122.3871816
3/20/2012 23:45,37.72272704,-122.4361945
3/20/2012 19:45,37.75223917,-122.4184482
3/19/2012 3:30,37.7787815,-122.4016267
3/11/2012 16:49,37.79466465,-122.4047676
3/11/2012 8:00,37.77525515,-122.4353109
3/11/2012 1:30,37.75833776,-122.4105346
3/11/2012 1:30,37.72809518,-122.4617442
3/10/2012 22:00,37.74445791,-122.5070314
3/10/2012 2:00,37.7877641,-122.4099253
3/9/2012 11:00,37.72083536,-122.4472384
3/8/2012 12:00,37.80175154,-122.4363282
3/7/2012 13:15,37.74746132,-122.481305
3/7/2012 13:15,37.74746132,-122.481305
3/6/2012 13:00,37.78220007,-122.4588576
2/25/2012 21:55,37.78877867,-122.3910249
2/25/2012 16:00,37.78543785,-122.4178854
2/25/2012 15:15,37.78770024,-122.4276998
2/25/2012 2:19,37.71507471,-122.4422264
2/24/2012 18:11,37.77269217,-122.4372156
2/24/2012 15:50,37.72779334,-122.4659482
2/23/2012 8:40,37.78200878,-122.4198206
2/23/2012 8:40,37.78200878,-122.4198206
2/23/2012 4:20,37.77749368,-122.4162938
2/23/2012 4:20,37.77749368,-122.4162938
2/22/2012 7:50,37.75364147,-122.4081954
2/22/2012 2:10,37.76948678,-122.4295222
2/21/2012 2:30,37.76493572,-122.4319577
2/20/2012 9:00,37.77643541,-122.4150649
2/12/2012 21:40,37.75543719,-122.4187487
2/12/2012 16:10,37.79907343,-122.4010792
2/12/2012 0:30,37.77542071,-122.4034048
2/12/2012 0:30,37.77542071,-122.4034048
2/11/2012 22:10,37.77542071,-122.4034048
2/11/2012 19:30,37.76776786,-122.4533269
2/10/2012 17:00,37.7926169,-122.405047
2/10/2012 10:00,37.79144785,-122.4109739
2/9/2012 13:00,37.72187048,-122.44301
2/9/2012 13:00,37.72187048,-122.44301
2/8/2012 14:02,37.74904131,-122.4181373
2/8/2012 11:30,37.71061229,-122.4082247
2/8/2012 11:30,37.71061229,-122.4082247
2/8/2012 7:49,37.71947651,-122.4089781
2/7/2012 22:00,37.78603116,-122.4063518
2/7/2012 1:30,37.78992,-122.4220627
1/29/2012 3:43,37.73795008,-122.4218988
1/27/2012 22:00,37.79461182,-122.4039949
1/27/2012 18:00,37.77542071,-122.4034048
1/27/2012 3:30,37.78646834,-122.4114908
1/26/2012 16:00,37.77754719,-122.4256575
1/26/2012 16:00,37.73442918,-122.3909653
1/26/2012 16:00,37.73442918,-122.3909653
1/25/2012 18:30,37.76435775,-122.417477
1/25/2012 16:30,37.74089079,-122.4658286
1/25/2012 0:56,37.78402805,-122.4193663
1/24/2012 1:30,37.80763875,-122.413179
1/23/2012 17:49,37.77256211,-122.475839
1/23/2012 6:15,37.75276673,-122.4105198
1/14/2012 18:30,37.76226434,-122.4193311
1/14/2012 18:30,37.76226434,-122.4193311
1/14/2012 12:00,37.72243362,-122.3956223
1/14/2012 0:28,37.78668893,-122.3936189
1/13/2012 7:40,37.75948013,-122.4181089
1/13/2012 0:01,37.71813398,-122.3983153
1/12/2012 20:00,37.73412113,-122.3893907
1/11/2012 11:02,37.71473474,-122.412458
1/11/2012 1:00,37.72318979,-122.4295019
1/9/2012 14:30,37.71444769,-122.4497484
1/9/2012 14:30,37.71444769,-122.4497484
1/9/2012 12:00,37.78220007,-122.4588576
1/9/2012 9:00,37.76816943,-122.4356374
1/1/2012 12:00,37.72300044,-122.4419722
1/1/2012 2:33,37.78596801,-122.4078778
1/1/2012 0:01,37.72925679,-122.3867629
1/1/2012 0:01,37.71752074,-122.4576125
1/1/2012 0:01,37.74568867,-122.4123682
1/1/2012 0:01,37.72380963,-122.4367444
1/1/2012 0:01,37.74894095,-122.4700749
12/31/2011 23:00,37.77542071,-122.4034048
12/31/2011 1:15,37.77729679,-122.4239222
12/31/2011 1:15,37.77729679,-122.4239222
12/31/2011 1:15,37.77729679,-122.4239222
12/31/2011 1:00,37.72164044,-122.4306859
12/31/2011 1:00,37.72164044,-122.4306859
12/29/2011 23:00,37.76905952,-122.4207871
12/29/2011 19:15,37.78338624,-122.4098537
12/29/2011 18:13,37.73424399,-122.390578
12/29/2011 18:13,37.73424399,-122.390578
12/29/2011 18:13,37.73424399,-122.390578
12/29/2011 8:45,37.7882399,-122.4092561
12/26/2011 18:45,37.78298286,-122.4839378
12/26/2011 15:10,37.79405905,-122.3950978
12/26/2011 10:45,37.73700145,-122.3937577
12/26/2011 0:05,37.77225454,-122.4364041
12/18/2011 23:30,37.78999923,-122.4096146
12/18/2011 12:00,37.77620758,-122.4203321
12/17/2011 0:01,37.73424399,-122.390578
12/16/2011 19:00,37.80218284,-122.4129117
12/15/2011 21:06,37.7131962,-122.4454592
12/15/2011 7:52,37.75841232,-122.487444
12/15/2011 0:01,37.76061868,-122.4261533
12/15/2011 0:01,37.76061868,-122.4261533
12/14/2011 23:45,37.75543719,-122.4187487
12/14/2011 23:45,37.75543719,-122.4187487
12/14/2011 15:10,37.76023408,-122.4192082
12/13/2011 12:15,37.78574465,-122.4058325
12/12/2011 20:30,37.72598503,-122.4198664
12/3/2011 11:59,37.77542071,-122.4034048
12/3/2011 2:30,37.78709665,-122.4107216
12/3/2011 2:00,37.76508154,-122.420081
12/2/2011 15:12,37.71473474,-122.412458
12/2/2011 15:10,37.71473474,-122.412458
12/2/2011 6:20,37.72935902,-122.4027541
12/1/2011 22:30,37.80126546,-122.4076392
12/1/2011 21:00,37.79649324,-122.4100789
12/1/2011 17:00,37.77666519,-122.3945483
12/1/2011 13:15,37.7278745,-122.407545
11/30/2011 15:30,37.76486537,-122.4685849
11/30/2011 8:00,37.72086768,-122.4623289
11/30/2011 5:00,37.78152627,-122.4095043
11/29/2011 3:30,37.72345568,-122.4541141
11/29/2011 3:30,37.72345568,-122.4541141
11/28/2011 11:25,37.74105498,-122.4068252
11/19/2011 13:00,37.71621109,-122.4765772
11/18/2011 23:30,37.80370545,-122.4152176
11/18/2011 13:55,37.79353047,-122.3970001
11/18/2011 4:00,37.75234837,-122.4063457
11/18/2011 4:00,37.75234837,-122.4063457
11/17/2011 22:02,37.77542071,-122.4034048
11/17/2011 20:00,37.75149449,-122.4172089
11/17/2011 17:40,37.76505012,-122.4196718
11/17/2011 10:10,37.77542071,-122.4034048
11/16/2011 8:00,37.79134196,-122.4065367
11/16/2011 0:01,37.73172629,-122.3887231
11/15/2011 23:00,37.76584272,-122.4198146
11/15/2011 21:30,37.78338624,-122.4098537
11/15/2011 2:00,37.76353829,-122.4123012
11/6/2011 23:00,37.7331435,-122.3809904
11/5/2011 0:01,37.76492725,-122.4890429
11/4/2011 19:30,37.71875429,-122.4116741
11/4/2011 18:00,37.7977715,-122.4055248
11/4/2011 11:45,37.76450589,-122.4296045
11/4/2011 2:10,37.78871987,-122.4020702
11/3/2011 20:45,37.7871161,-122.4039191
11/2/2011 13:00,37.77542071,-122.4034048
11/2/2011 11:28,37.71893158,-122.4058061
11/2/2011 11:00,37.71672193,-122.3966776
11/1/2011 20:00,37.78321452,-122.4107688
11/1/2011 0:01,37.7879269,-122.4032462
10/31/2011 23:00,37.76080106,-122.435563
10/31/2011 20:00,37.77216798,-122.4095309
10/31/2011 7:00,37.78465763,-122.4144332
10/31/2011 7:00,37.78465763,-122.4144332
10/31/2011 7:00,37.78465763,-122.4144332
10/23/2011 22:00,37.71216361,-122.4481273
10/23/2011 22:00,37.71216361,-122.4481273
10/22/2011 12:45,37.78707981,-122.4258834
10/22/2011 12:00,37.77334184,-122.4873957
10/21/2011 23:00,37.77269482,-122.4221883
10/21/2011 14:30,37.77382886,-122.4357794
10/21/2011 0:30,37.77769841,-122.4311491
10/21/2011 0:30,37.77769841,-122.4311491
10/20/2011 14:40,37.74607534,-122.4703596
10/19/2011 16:30,37.71291759,-122.4089337
10/19/2011 13:30,37.80444724,-122.4116073
10/19/2011 4:30,37.77825108,-122.4198849
10/18/2011 20:30,37.74809164,-122.4271531
10/18/2011 16:05,37.77527215,-122.4159112
10/18/2011 14:00,37.75687508,-122.479949
10/18/2011 2:16,37.78041746,-122.4177999
10/17/2011 14:00,37.77212328,-122.4166673
10/17/2011 14:00,37.77212328,-122.4166673
10/9/2011 1:15,37.78542586,-122.3998702
10/7/2011 18:00,37.73643415,-122.3985563
10/7/2011 15:00,37.77542071,-122.4034048
10/7/2011 2:25,37.78543785,-122.4178854
10/6/2011 22:02,37.70971586,-122.4598964
10/6/2011 22:02,37.70971586,-122.4598964
10/6/2011 21:30,37.74769551,-122.4270486
10/5/2011 0:01,37.77542071,-122.4034048
10/4/2011 18:30,37.78509432,-122.4078454
10/3/2011 17:53,37.77821186,-122.4350528
9/24/2011 18:28,37.77411904,-122.4409496
9/24/2011 11:30,37.77542071,-122.4034048
9/24/2011 8:55,37.79011725,-122.4205239
9/24/2011 1:00,37.78656854,-122.4139888
9/23/2011 22:02,37.71494034,-122.4378041
9/23/2011 12:00,37.78063886,-122.4380984
9/23/2011 8:00,37.77599818,-122.4129044
9/22/2011 14:45,37.76422056,-122.4196583
9/22/2011 14:45,37.76422056,-122.4196583
9/22/2011 12:00,37.77542071,-122.4034048
9/22/2011 8:30,37.78255866,-122.438886
9/22/2011 8:30,37.78255866,-122.438886
9/22/2011 8:30,37.78255866,-122.438886
9/21/2011 22:00,37.77542071,-122.4034048
9/21/2011 22:00,37.77542071,-122.4034048
9/19/2011 16:00,37.78320914,-122.4376744
9/19/2011 16:00,37.78320914,-122.4376744
9/19/2011 11:00,37.77594882,-122.4067438
9/11/2011 15:53,37.71310723,-122.3878337
9/11/2011 0:30,37.7623941,-122.4624401
9/11/2011 0:30,37.7623941,-122.4624401
9/10/2011 20:00,37.77542071,-122.4034048
9/10/2011 20:00,37.77542071,-122.4034048
9/10/2011 13:00,37.78502266,-122.4119876
9/10/2011 2:35,37.76409722,-122.4217385
9/9/2011 23:00,37.78419072,-122.414406
9/9/2011 20:30,37.70990012,-122.4146464
9/9/2011 20:30,37.70990012,-122.4146464
9/9/2011 17:30,37.78418935,-122.4076335
9/9/2011 14:50,37.78202385,-122.4011616
9/9/2011 13:33,37.80336134,-122.4241235
9/8/2011 10:00,37.78079208,-122.4900934
9/7/2011 14:00,37.76952002,-122.4551273
9/7/2011 14:00,37.76952002,-122.4551273
9/5/2011 17:00,37.78452027,-122.4212894
8/27/2011 21:00,37.78356348,-122.4150669
8/27/2011 21:00,37.78356348,-122.4150669
8/27/2011 2:00,37.77909636,-122.3908586
8/27/2011 2:00,37.77542071,-122.4034048
8/27/2011 2:00,37.77542071,-122.4034048
8/26/2011 15:38,37.77542071,-122.4034048
8/26/2011 4:59,37.74316089,-122.4355617
8/26/2011 1:25,37.77465024,-122.4784422
8/24/2011 11:20,37.80225051,-122.4054717
8/24/2011 8:30,37.73479699,-122.3906976
8/23/2011 21:00,37.76512698,-122.4074069
8/23/2011 16:00,37.72703631,-122.4061069
8/22/2011 8:30,37.77542071,-122.4034048
8/14/2011 3:00,37.77542071,-122.4034048
8/14/2011 2:00,37.76645765,-122.4432817
8/14/2011 1:00,37.76080106,-122.435563
8/14/2011 1:00,37.76080106,-122.435563
8/13/2011 22:00,37.76149949,-122.4401698
8/13/2011 6:00,37.77441774,-122.5048161
8/13/2011 2:00,37.79786005,-122.436507
8/12/2011 22:30,37.75297654,-122.3935978
8/12/2011 21:05,37.77542071,-122.4034048
8/12/2011 20:30,37.76267028,-122.4351877
8/12/2011 18:30,37.77542071,-122.4034048
8/12/2011 18:30,37.77542071,-122.4034048
8/11/2011 22:00,37.77374484,-122.4632377
8/11/2011 22:00,37.77374484,-122.4632377
8/10/2011 14:00,37.77542071,-122.4034048
8/9/2011 21:50,37.77542071,-122.4034048
8/9/2011 16:00,37.77542071,-122.4034048
8/8/2011 22:30,37.72334822,-122.401898
8/8/2011 0:01,37.71877461,-122.4717115
8/8/2011 0:01,37.71877461,-122.4717115
7/30/2011 23:00,37.71644511,-122.4751068
7/30/2011 23:00,37.71644511,-122.4751068
7/30/2011 23:00,37.71644511,-122.4751068
7/30/2011 12:00,37.72300044,-122.4419722
7/28/2011 19:00,37.77542071,-122.4034048
7/28/2011 3:08,37.77542071,-122.4034048
7/28/2011 0:01,37.75621666,-122.4188918
7/27/2011 23:54,37.80217253,-122.4145202
7/27/2011 23:54,37.80217253,-122.4145202
7/27/2011 18:43,37.71854819,-122.3901995
7/27/2011 18:43,37.71854819,-122.3901995
7/27/2011 17:01,37.77542071,-122.4034048
7/27/2011 13:00,37.75648641,-122.4065391
7/26/2011 0:01,37.78228126,-122.4275119
7/26/2011 0:01,37.77542071,-122.4034048
7/16/2011 15:30,37.72234984,-122.4321716
7/15/2011 12:10,37.78502266,-122.4119876
7/15/2011 1:30,37.76008719,-122.4283093
7/14/2011 5:50,37.77542071,-122.4034048
7/13/2011 15:00,37.77399184,-122.5110791
7/13/2011 2:00,37.75495166,-122.4486549
7/12/2011 12:00,37.78728071,-122.4200215
7/12/2011 10:15,37.72175277,-122.4492936
7/11/2011 23:24,37.758852,-122.4163311
7/11/2011 21:00,37.75648641,-122.4065391
7/3/2011 15:00,37.77090166,-122.5108316
7/3/2011 15:00,37.77090166,-122.5108316
7/3/2011 15:00,37.77090166,-122.5108316
7/3/2011 3:00,37.77703244,-122.4036714
7/3/2011 3:00,37.77703244,-122.4036714
7/3/2011 3:00,37.77703244,-122.4036714
7/2/2011 20:45,37.79776457,-122.4297413
7/1/2011 2:30,37.77465711,-122.391913
7/1/2011 0:01,37.7910112,-122.4071938
6/30/2011 19:30,37.78232359,-122.4037933
6/30/2011 16:15,37.80139508,-122.4087296
6/29/2011 16:00,37.77520793,-122.4875313
6/29/2011 16:00,37.77514629,-122.4192579
6/29/2011 10:15,37.74779193,-122.4738106
6/29/2011 10:15,37.74779193,-122.4738106
6/28/2011 13:00,37.77542071,-122.4034048
6/28/2011 5:30,37.72751737,-122.4356827
6/28/2011 5:30,37.72751737,-122.4356827
6/27/2011 12:30,37.77542071,-122.4034048
6/19/2011 13:00,37.75648641,-122.4065391
6/18/2011 18:39,37.76670205,-122.4202662
6/18/2011 17:30,37.73153845,-122.3998369
6/18/2011 1:00,37.73352161,-122.3899798
6/17/2011 21:00,37.71494949,-122.4715557
6/17/2011 21:00,37.71494949,-122.4715557
6/17/2011 2:50,37.75156086,-122.4161161
6/17/2011 2:50,37.75156086,-122.4161161
6/17/2011 2:50,37.75156086,-122.4161161
6/17/2011 2:50,37.75156086,-122.4161161
6/17/2011 2:50,37.75156086,-122.4161161
6/15/2011 18:15,37.78613713,-122.4198583
6/14/2011 22:30,37.75544603,-122.387068
6/14/2011 22:00,37.77542071,-122.4034048
6/13/2011 22:30,37.79057707,-122.4206917
6/13/2011 20:15,37.78592357,-122.4212542
6/5/2011 23:30,37.77542071,-122.4034048
6/5/2011 21:00,37.79320618,-122.4220772
6/5/2011 19:00,37.71607818,-122.4412277
6/5/2011 18:45,37.77422132,-122.4368026
6/5/2011 4:30,37.79713728,-122.4346731
6/5/2011 2:00,37.79689897,-122.421963
6/4/2011 3:42,37.78757854,-122.3992582
6/3/2011 20:00,37.76653011,-122.4212887
6/2/2011 22:30,37.78284198,-122.4216671
6/2/2011 12:00,37.75762172,-122.4188873
6/2/2011 7:00,37.7336082,-122.3996667
6/2/2011 0:01,37.77542071,-122.4034048
6/1/2011 10:00,37.77542071,-122.4034048
6/1/2011 9:30,37.77542071,-122.4034048
6/1/2011 0:01,37.76274366,-122.4217477
6/1/2011 0:01,37.76274366,-122.4217477
6/1/2011 0:01,37.72178394,-122.4587034
5/22/2011 22:00,37.78589551,-122.4125694
5/22/2011 1:30,37.7732875,-122.4696417
5/21/2011 23:30,37.78511786,-122.404957
5/21/2011 21:22,37.77392745,-122.4129331
5/21/2011 21:22,37.77392745,-122.4129331
5/21/2011 21:00,37.7486963,-122.4404701
5/21/2011 21:00,37.7486963,-122.4404701
5/21/2011 15:30,37.78244029,-122.4073815
5/19/2011 16:37,37.76176772,-122.4350121
5/19/2011 0:05,37.73216388,-122.4213053
5/19/2011 0:05,37.73216388,-122.4213053
5/18/2011 20:15,37.77542071,-122.4034048
5/17/2011 10:15,37.78310327,-122.4209969
5/16/2011 10:45,37.7658511,-122.4196766
5/16/2011 4:30,37.75994655,-122.4370441
5/8/2011 20:30,37.75710952,-122.3891069
5/8/2011 8:20,37.76175972,-122.4351501
5/7/2011 10:30,37.78546597,-122.4055826
5/6/2011 16:40,37.76164282,-122.4011919
5/6/2011 1:55,37.73946576,-122.3972536
5/4/2011 21:00,37.80241032,-122.4163276
5/4/2011 21:00,37.80241032,-122.4163276
5/4/2011 15:30,37.78632459,-122.4091554
5/4/2011 14:32,37.76321677,-122.42221
5/4/2011 5:30,37.78175894,-122.4151206
5/3/2011 17:00,37.78697134,-122.4258615
5/3/2011 14:20,37.78003563,-122.4097952
5/3/2011 14:20,37.78003563,-122.4097952
5/2/2011 19:00,37.79964392,-122.4385553
5/2/2011 19:00,37.79964392,-122.4385553
5/2/2011 9:00,37.78175894,-122.4151206
5/2/2011 1:00,37.78202043,-122.4130699
5/2/2011 1:00,37.78202043,-122.4130699
5/2/2011 1:00,37.77879588,-122.4225365
4/24/2011 15:00,37.77542071,-122.4034048
4/23/2011 20:00,37.7984736,-122.4074419
4/22/2011 23:00,37.78086427,-122.4288185
4/22/2011 7:00,37.76422056,-122.4196583
4/20/2011 22:00,37.79108869,-122.4089776
4/20/2011 22:00,37.7978967,-122.4068611
4/20/2011 19:40,37.77865915,-122.4165835
4/19/2011 0:05,37.80292521,-122.4197994
4/18/2011 17:00,37.77956272,-122.4938451
4/18/2011 2:00,37.78369523,-122.4107917
4/10/2011 23:00,37.72912229,-122.4500127
4/10/2011 22:00,37.75648641,-122.4065391
4/10/2011 22:00,37.75648641,-122.4065391
4/8/2011 18:00,37.73892615,-122.4253463
4/8/2011 1:30,37.80576773,-122.4423109
4/7/2011 19:30,37.74858895,-122.4181632
4/7/2011 12:30,37.79671866,-122.4379633
4/5/2011 0:01,37.73709551,-122.5043613
4/4/2011 21:00,37.78812427,-122.4176729
3/27/2011 23:55,37.74858895,-122.4181632
3/27/2011 13:00,37.76981424,-122.4177567
3/27/2011 13:00,37.76981424,-122.4177567
3/26/2011 1:00,37.74113577,-122.4235802
3/24/2011 12:30,37.74607534,-122.4703596
3/24/2011 5:15,37.72094834,-122.4591322
3/24/2011 5:15,37.72094834,-122.4591322
3/22/2011 22:00,37.786677,-122.4140108
3/22/2011 13:00,37.76321677,-122.42221
3/22/2011 8:30,37.72397891,-122.4439879
3/22/2011 8:30,37.72397891,-122.4439879
3/22/2011 0:01,37.77762424,-122.3999811
3/21/2011 14:25,37.72187048,-122.44301
3/21/2011 12:00,37.72187048,-122.44301
3/21/2011 1:25,37.76713808,-122.4252064
3/21/2011 1:25,37.76713808,-122.4252064
3/13/2011 11:00,37.73128969,-122.386285
3/13/2011 11:00,37.73128969,-122.386285
3/13/2011 3:00,37.78487505,-122.4423647
3/13/2011 0:01,37.77542071,-122.4034048
3/13/2011 0:01,37.77542071,-122.4034048
3/13/2011 0:01,37.77542071,-122.4034048
3/13/2011 0:01,37.77542071,-122.4034048
3/13/2011 0:01,37.77542071,-122.4034048
3/12/2011 16:00,37.78127074,-122.4113396
3/12/2011 16:00,37.78127074,-122.4113396
3/12/2011 16:00,37.78127074,-122.4113396
3/12/2011 3:00,37.71694199,-122.4799783
3/12/2011 3:00,37.71694199,-122.4799783
3/11/2011 17:00,37.74540865,-122.4854614
3/10/2011 0:01,37.78491419,-122.4119658
3/9/2011 21:00,37.78613713,-122.4198583
3/8/2011 17:00,37.78070083,-122.4084666
3/8/2011 7:00,37.76869198,-122.411762
3/7/2011 4:30,37.73882143,-122.4856038
3/7/2011 4:30,37.73882143,-122.4856038
2/27/2011 16:00,37.76364529,-122.4226678
2/27/2011 3:05,37.73074292,-122.4293067
2/26/2011 22:30,37.78295148,-122.4132595
2/26/2011 2:10,37.80225051,-122.4054717
2/24/2011 10:30,37.72187048,-122.44301
2/22/2011 19:30,37.77818329,-122.4829955
2/22/2011 18:00,37.76323239,-122.4194244
2/22/2011 16:30,37.78175894,-122.4151206
2/21/2011 20:25,37.76590825,-122.4527826
2/13/2011 20:13,37.77871926,-122.4147438
2/13/2011 1:15,37.77129238,-122.4243369
2/13/2011 1:15,37.77129238,-122.4243369
2/11/2011 19:00,37.76061868,-122.4261533
2/11/2011 19:00,37.76061868,-122.4261533
2/11/2011 15:00,37.78759616,-122.4209419
2/11/2011 10:00,37.78273179,-122.406482
2/10/2011 20:30,37.7388559,-122.3879563
2/10/2011 20:30,37.7388559,-122.3879563
2/10/2011 13:06,37.78338624,-122.4098537
2/9/2011 17:14,37.76435775,-122.417477
2/8/2011 6:50,37.78619645,-122.4248599
2/8/2011 5:00,37.77542071,-122.4034048
2/7/2011 2:00,37.78000644,-122.4119356
1/30/2011 20:00,37.77395554,-122.4209584
1/28/2011 8:20,37.73243886,-122.4056103
1/27/2011 10:00,37.74607534,-122.4703596
1/26/2011 15:00,37.77542071,-122.4034048
1/26/2011 14:00,37.71067452,-122.4155918
1/26/2011 10:15,37.76164282,-122.4011919
1/26/2011 8:42,37.7627652,-122.4296336
1/25/2011 14:00,37.71245378,-122.4491689
1/25/2011 6:30,37.76251576,-122.4792692
1/16/2011 21:00,37.73882143,-122.4856038
1/15/2011 12:10,37.79746862,-122.4086566
1/15/2011 12:00,37.75880834,-122.4152294
1/15/2011 0:01,37.70982268,-122.4105675
1/14/2011 22:00,37.75230632,-122.4173601
1/14/2011 17:35,37.76133993,-122.5059233
1/13/2011 21:00,37.76114188,-122.4317101
1/13/2011 20:30,37.77208098,-122.4457177
1/11/2011 18:30,37.78775706,-122.4201203
1/11/2011 15:00,37.78062692,-122.4701745
1/10/2011 7:20,37.71925264,-122.4105268
1/2/2011 19:15,37.78526863,-122.40307
1/2/2011 19:15,37.78526863,-122.40307
1/2/2011 13:55,37.73674163,-122.3898775
1/2/2011 0:01,37.75425174,-122.4059577
1/2/2011 0:01,37.75425174,-122.4059577
1/1/2011 17:00,37.77576968,-122.4260506
1/1/2011 12:00,37.80576964,-122.4195485
1/1/2011 5:00,37.78957103,-122.4021637
1/1/2011 0:05,37.77916742,-122.4063464
1/1/2011 0:01,37.77542071,-122.4034048
1/1/2011 0:01,37.71504116,-122.4706276
12/31/2010 20:30,37.74059575,-122.4672445
12/29/2010 18:45,37.79713728,-122.4346731
12/27/2010 12:00,37.78013295,-122.4863597
12/27/2010 3:18,37.77542071,-122.4034048
12/19/2010 5:00,37.78653662,-122.466301
12/19/2010 1:10,37.78213725,-122.3978145
12/18/2010 19:45,37.72719929,-122.3723517
12/18/2010 19:00,37.71740509,-122.4401868
12/18/2010 3:30,37.72848925,-122.4299699
12/16/2010 12:07,37.79406256,-122.4083228
12/15/2010 18:00,37.77542071,-122.4034048
12/15/2010 16:00,37.76392676,-122.4700726
12/15/2010 2:00,37.73882143,-122.4856038
12/15/2010 2:00,37.73882143,-122.4856038
12/15/2010 0:01,37.77542071,-122.4034048
12/14/2010 9:20,37.74529934,-122.4519044
12/13/2010 21:00,37.77542071,-122.4034048
12/13/2010 21:00,37.77542071,-122.4034048
12/13/2010 17:05,37.78513738,-122.4144572
12/13/2010 15:15,37.72292502,-122.4312611
12/13/2010 15:15,37.726559,-122.4252858
12/4/2010 16:45,37.78656476,-122.4072441
12/4/2010 0:30,37.77088647,-122.4188441
12/3/2010 16:00,37.74845478,-122.4083021
12/3/2010 16:00,37.74845478,-122.4083021
12/2/2010 18:00,37.72801023,-122.3835994
12/2/2010 18:00,37.72801023,-122.3835994
12/2/2010 15:10,37.77911574,-122.431791
12/2/2010 15:10,37.77911574,-122.431791
12/1/2010 16:00,37.76680815,-122.4288136
12/1/2010 0:01,37.75957144,-122.5036486
11/30/2010 14:00,37.73518449,-122.391494
11/21/2010 21:30,37.78429738,-122.4101571
11/21/2010 21:30,37.78429738,-122.4101571
11/21/2010 21:30,37.78429738,-122.4101571
11/21/2010 8:00,37.7572543,-122.4161781
11/21/2010 2:00,37.75325729,-122.4468609
11/21/2010 2:00,37.75325729,-122.4468609
11/21/2010 0:07,37.75541389,-122.4182157
11/20/2010 22:00,37.75293428,-122.4077453
11/19/2010 1:00,37.76981424,-122.4177567
11/19/2010 1:00,37.76981424,-122.4177567
11/18/2010 10:00,37.71976331,-122.3893476
11/17/2010 20:30,37.73350068,-122.3980889
11/17/2010 20:30,37.73350068,-122.3980889
11/17/2010 18:00,37.71314522,-122.4337082
11/17/2010 18:00,37.71314522,-122.4337082
11/17/2010 15:30,37.75527267,-122.422333
11/17/2010 12:40,37.79082126,-122.4475033
11/17/2010 10:30,37.77254054,-122.4662047
11/17/2010 7:42,37.71795805,-122.4675958
11/16/2010 23:30,37.75715804,-122.4066049
11/16/2010 9:35,37.77542071,-122.4034048
11/15/2010 1:00,37.71378819,-122.4012774
11/6/2010 18:00,37.78856677,-122.4100831
11/6/2010 0:01,37.7418307,-122.5019465
11/6/2010 0:01,37.7418307,-122.5019465
11/5/2010 9:21,37.73358848,-122.3909782
11/4/2010 19:00,37.77542071,-122.4034048
11/3/2010 18:35,37.80489607,-122.4117699
11/3/2010 15:20,37.78543273,-122.4196414
11/3/2010 11:00,37.7757958,-122.4235599
11/3/2010 3:30,37.7316758,-122.3831875
11/3/2010 2:30,37.78253867,-122.4123864
11/3/2010 0:01,37.77542071,-122.4034048
11/2/2010 22:23,37.73926102,-122.4781232
11/2/2010 8:05,37.73605819,-122.3994835
11/1/2010 22:00,37.79805872,-122.4068429
11/1/2010 22:00,37.79805872,-122.4068429
11/1/2010 9:00,37.7879269,-122.4032462
11/1/2010 0:01,37.7422101,-122.4237632
11/1/2010 0:01,37.75209726,-122.4071447
11/1/2010 0:01,37.74275054,-122.4518926
10/24/2010 16:00,37.77546928,-122.415757
10/24/2010 0:01,37.74984237,-122.4248111
10/22/2010 23:00,37.75324615,-122.4774114
10/22/2010 20:00,37.72970432,-122.4018241
10/22/2010 20:00,37.72970432,-122.4018241
10/22/2010 2:00,37.77732928,-122.4340461
10/22/2010 1:45,37.71613887,-122.4407431
10/21/2010 22:30,37.78520976,-122.390717
10/21/2010 17:00,37.73060578,-122.4024818
10/21/2010 8:00,37.77542071,-122.4034048
10/20/2010 20:10,37.75328317,-122.4142273
10/20/2010 14:00,37.72809518,-122.4617442
10/19/2010 0:01,37.77542071,-122.4034048
10/18/2010 17:00,37.78079208,-122.4900934
10/18/2010 2:00,37.78553558,-122.4113028
10/18/2010 2:00,37.78553558,-122.4113028
10/18/2010 2:00,37.78553558,-122.4113028
10/18/2010 2:00,37.78553558,-122.4113028
10/10/2010 22:00,37.70913187,-122.4197876
10/9/2010 0:30,37.79510065,-122.4048478
10/9/2010 0:30,37.79510065,-122.4048478
10/7/2010 22:00,37.77766882,-122.4468469
10/7/2010 6:30,37.73216388,-122.4213053
10/7/2010 6:30,37.73216388,-122.4213053
10/7/2010 6:30,37.73216388,-122.4213053
10/6/2010 20:10,37.77542071,-122.4034048
10/6/2010 0:01,37.71430713,-122.4446963
10/5/2010 20:00,37.77542071,-122.4034048
10/4/2010 12:22,37.71410983,-122.4024199
9/26/2010 19:00,37.77654004,-122.4175047
9/26/2010 19:00,37.79022247,-122.4272875
9/26/2010 19:00,37.77654004,-122.4175047
9/26/2010 10:30,37.77542071,-122.4034048
9/26/2010 4:01,37.76787755,-122.4048802
9/26/2010 2:00,37.78418471,-122.4185621
9/25/2010 2:00,37.75204344,-122.4080425
9/24/2010 21:00,37.78791853,-122.4042776
9/24/2010 12:00,37.75383537,-122.4386729
9/23/2010 22:00,37.78459433,-122.4220162
9/23/2010 22:00,37.78459433,-122.4220162
9/23/2010 21:14,37.77542071,-122.4034048
9/23/2010 21:14,37.77542071,-122.4034048
9/23/2010 16:00,37.77409486,-122.4200014
9/23/2010 15:49,37.7773617,-122.4102631
9/23/2010 14:25,37.71974267,-122.4255918
9/21/2010 0:01,37.72569336,-122.4522897
9/12/2010 16:35,37.78578282,-122.4281511
9/12/2010 6:00,37.72434153,-122.4319133
9/11/2010 2:30,37.78069651,-122.4922333
9/10/2010 22:30,37.73109989,-122.3892863
9/10/2010 13:30,37.72703885,-122.4344344
9/8/2010 0:01,37.77911574,-122.431791
9/7/2010 10:45,37.76984649,-122.4477611
9/6/2010 23:30,37.77843533,-122.4190858
9/6/2010 23:30,37.77843533,-122.4190858
9/6/2010 22:24,37.78428605,-122.4168937
9/6/2010 0:01,37.75260197,-122.411426
9/6/2010 0:01,37.75260197,-122.411426
8/29/2010 13:30,37.76435775,-122.417477
8/28/2010 9:00,37.78613713,-122.4198583
8/27/2010 13:30,37.73291625,-122.4164461
8/26/2010 16:30,37.78819061,-122.4185805
8/26/2010 16:30,37.78819061,-122.4185805
8/26/2010 12:01,37.77542071,-122.4034048
8/25/2010 1:30,37.73187112,-122.3943969
8/24/2010 18:00,37.77542071,-122.4034048
8/24/2010 18:00,37.77542071,-122.4034048
8/24/2010 6:30,37.74464837,-122.4149521
8/23/2010 22:00,37.76745403,-122.4199709
8/23/2010 19:00,37.78408904,-122.4118001
8/13/2010 13:00,37.70952856,-122.4507185
8/12/2010 1:50,37.76803284,-122.4248878
8/11/2010 20:05,37.72911385,-122.3839957
8/10/2010 5:25,37.74905045,-122.3969078
8/9/2010 7:00,37.76491084,-122.4210829
8/9/2010 7:00,37.76491084,-122.4210829
8/9/2010 7:00,37.76491084,-122.4210829
8/9/2010 7:00,37.76491084,-122.4210829
8/9/2010 2:00,37.72579324,-122.3898011
8/9/2010 0:01,37.71209207,-122.420891
8/9/2010 0:01,37.71209207,-122.420891
8/1/2010 16:07,37.72079754,-122.4333476
8/1/2010 16:07,37.72079754,-122.4333476
8/1/2010 1:00,37.78213725,-122.3978145
8/1/2010 1:00,37.78213725,-122.3978145
8/1/2010 0:01,37.8023845,-122.4007118
8/1/2010 0:01,37.78655335,-122.4334359
8/1/2010 0:01,37.78655335,-122.4334359
8/1/2010 0:01,37.78084932,-122.4364431
8/1/2010 0:01,37.74297191,-122.4762115
8/1/2010 0:01,37.78588822,-122.4117425
8/1/2010 0:01,37.71747564,-122.456094
8/1/2010 0:01,37.74297191,-122.4762115
7/31/2010 2:50,37.80063741,-122.4075891
7/30/2010 9:00,37.75648641,-122.4065391
7/30/2010 0:01,37.72277778,-122.4552006
7/29/2010 6:52,37.78447666,-122.4154142
7/28/2010 21:49,37.78115692,-122.3928516
7/26/2010 12:50,37.77587129,-122.4068418
7/26/2010 0:01,37.78491247,-122.4086486
7/18/2010 20:30,37.76505012,-122.4196718
7/18/2010 19:00,37.77542071,-122.4034048
7/18/2010 2:45,37.78698819,-122.4106997
7/16/2010 23:00,37.77542071,-122.4034048
7/16/2010 23:00,37.77542071,-122.4034048
7/16/2010 3:00,37.76192348,-122.4188205
7/16/2010 3:00,37.76192348,-122.4188205
7/15/2010 23:00,37.78698819,-122.4106997
7/15/2010 20:00,37.7616442,-122.4120512
7/14/2010 14:50,37.7801135,-122.4098928
7/14/2010 0:01,37.73839421,-122.4952613
7/13/2010 0:01,37.77782417,-122.4079992
7/12/2010 18:00,37.78832354,-122.411857
7/4/2010 22:35,37.77542071,-122.4034048
7/4/2010 17:50,37.80564946,-122.4061678
7/4/2010 11:00,37.74889645,-122.410532
7/4/2010 3:40,37.78489228,-122.4355758
7/4/2010 1:45,37.75881687,-122.4097697
7/3/2010 12:00,37.74920881,-122.4162622
7/1/2010 11:51,37.77948978,-122.4073764
7/1/2010 11:00,37.73874184,-122.3893106
7/1/2010 10:30,37.76701047,-122.4220201
6/30/2010 16:15,37.78709665,-122.4107216
6/30/2010 16:15,37.78709665,-122.4107216
6/30/2010 16:15,37.78709665,-122.4107216
6/30/2010 16:15,37.78709665,-122.4107216
6/30/2010 15:10,37.78092583,-122.4136794
6/30/2010 8:25,37.76623807,-122.4106161
6/29/2010 13:15,37.77542071,-122.4034048
6/28/2010 11:49,37.7910112,-122.4071938
6/28/2010 11:00,37.73751933,-122.4726277
6/28/2010 10:00,37.74200412,-122.4222867
6/28/2010 6:10,37.77265625,-122.502397
6/20/2010 16:20,37.72857428,-122.4261888
6/20/2010 15:00,37.77542071,-122.4034048
6/20/2010 15:00,37.77542071,-122.4034048
6/19/2010 23:45,37.76408889,-122.4218765
6/19/2010 17:00,37.78379987,-122.4092684
6/18/2010 21:00,37.80857527,-122.4133706
6/18/2010 10:30,37.80226681,-122.4136975
6/18/2010 9:15,37.76746253,-122.4198329
6/18/2010 9:15,37.76746253,-122.4198329
6/16/2010 19:30,37.78458513,-122.415436
6/16/2010 17:26,37.78113406,-122.4090112
6/16/2010 17:26,37.78113406,-122.4090112
6/16/2010 17:26,37.78113406,-122.4090112
6/16/2010 14:09,37.79377901,-122.4029614
6/16/2010 2:30,37.78324525,-122.425966
6/16/2010 2:30,37.78324525,-122.425966
6/16/2010 2:30,37.78324525,-122.425966
6/15/2010 23:30,37.76687703,-122.4241853
6/15/2010 23:30,37.76687703,-122.4241853
6/15/2010 14:24,37.78491419,-122.4119658
6/14/2010 17:45,37.78603116,-122.4063518
6/14/2010 3:40,37.77542071,-122.4034048
6/6/2010 2:30,37.78070083,-122.4084666
6/5/2010 21:40,37.77542071,-122.4034048
6/5/2010 16:00,37.78614939,-122.4172733
6/5/2010 14:00,37.75648641,-122.4065391
6/4/2010 2:30,37.78533396,-122.4246887
6/4/2010 2:30,37.78533396,-122.4246887
6/3/2010 0:01,37.76321677,-122.42221
6/2/2010 18:30,37.78418935,-122.4076335
6/2/2010 18:00,37.75836521,-122.4885123
6/2/2010 14:55,37.78191196,-122.413048
6/2/2010 10:00,37.72434153,-122.4319133
6/2/2010 0:01,37.76193721,-122.4071905
6/1/2010 13:00,37.7463554,-122.4369526
6/1/2010 3:20,37.78553558,-122.4113028
6/1/2010 0:01,37.7800333,-122.4642799
5/31/2010 0:30,37.77542071,-122.4034048
5/23/2010 14:35,37.78169036,-122.4298289
5/23/2010 14:35,37.78169036,-122.4298289
5/23/2010 9:00,37.76274366,-122.4217477
5/20/2010 14:40,37.77542071,-122.4034048
5/20/2010 13:00,37.78097067,-122.4087106
5/20/2010 13:00,37.78097067,-122.4087106
5/20/2010 1:10,37.77111786,-122.4147056
5/19/2010 21:00,37.77345468,-122.4135321
5/19/2010 12:25,37.77629078,-122.504814
5/18/2010 22:38,37.79761461,-122.4091648
5/18/2010 9:32,37.7855029,-122.4148078
5/9/2010 14:00,37.7911166,-122.4167736
5/9/2010 14:00,37.7911166,-122.4167736
5/9/2010 0:30,37.74237522,-122.4219709
5/9/2010 0:01,37.78490315,-122.4272277
5/8/2010 15:30,37.78408904,-122.4118001
5/8/2010 15:30,37.78408904,-122.4118001
5/8/2010 1:00,37.77690181,-122.4458405
5/7/2010 12:00,37.75263332,-122.3986935
5/7/2010 2:50,37.73717612,-122.4153406
5/6/2010 12:00,37.77848638,-122.4258395
5/6/2010 11:00,37.78150637,-122.4079329
5/5/2010 11:20,37.78843536,-122.437978
5/5/2010 10:12,37.78213927,-122.4112651
5/4/2010 22:00,37.78000644,-122.4119356
5/4/2010 14:00,37.79669972,-122.4080147
5/4/2010 2:00,37.77542071,-122.4034048
5/3/2010 16:10,37.73025353,-122.4352088
5/3/2010 16:10,37.73025353,-122.4352088
5/3/2010 7:00,37.75436127,-122.4059682
5/3/2010 0:01,37.8096707,-122.3655654
5/3/2010 0:01,37.77542071,-122.4034048
4/25/2010 23:00,37.72518972,-122.4616832
4/25/2010 0:01,37.77755403,-122.3944912
4/25/2010 0:01,37.77755403,-122.3944912
4/24/2010 18:30,37.79724575,-122.434695
4/24/2010 13:00,37.79429409,-122.4097014
4/24/2010 0:01,37.77542071,-122.4034048
4/23/2010 23:00,37.78560876,-122.4148505
4/23/2010 23:00,37.78560876,-122.4148505
4/23/2010 14:31,37.73709551,-122.5043613
4/23/2010 14:31,37.73709551,-122.5043613
4/22/2010 21:30,37.77756071,-122.4111182
4/22/2010 11:40,37.7632289,-122.4286109
4/21/2010 22:45,37.77747966,-122.4585984
4/21/2010 20:00,37.7910112,-122.4071938
4/21/2010 17:08,37.75800217,-122.3873163
4/21/2010 16:00,37.77966604,-122.4137112
4/21/2010 14:40,37.72348717,-122.4546623
4/21/2010 14:40,37.72348717,-122.4546623
4/20/2010 19:34,37.76193875,-122.4715377
4/20/2010 11:25,37.7850075,-122.4187296
4/20/2010 9:00,37.7226178,-122.4014514
4/20/2010 1:00,37.78528427,-122.4094999
4/20/2010 1:00,37.78528427,-122.4094999
4/20/2010 0:01,37.79550387,-122.4216089
4/19/2010 23:00,37.77530192,-122.4142934
4/11/2010 2:30,37.78336734,-122.475371
4/10/2010 19:30,37.75185646,-122.4664644
4/10/2010 19:30,37.75185646,-122.4664644
4/10/2010 18:00,37.80273192,-122.424998
4/9/2010 17:00,37.78690218,-122.408065
4/7/2010 10:50,37.77866997,-122.4394098
4/6/2010 5:30,37.78627746,-122.4129991
4/6/2010 0:10,37.72082771,-122.4829282
4/5/2010 4:00,37.75301865,-122.4185872
4/5/2010 0:07,37.76133993,-122.5059233
4/5/2010 0:07,37.76133993,-122.5059233
4/5/2010 0:07,37.76133993,-122.5059233
4/5/2010 0:07,37.76133993,-122.5059233
4/5/2010 0:07,37.76133993,-122.5059233
3/27/2010 22:17,37.78604322,-122.4105093
3/27/2010 22:17,37.78604322,-122.4105093
3/27/2010 22:17,37.78604322,-122.4105093
3/27/2010 18:00,37.77514629,-122.4192579
3/27/2010 3:20,37.76254751,-122.4129403
3/26/2010 14:00,37.78415049,-122.4345637
3/26/2010 10:30,37.77159828,-122.414224
3/26/2010 2:00,37.78698819,-122.4106997
3/26/2010 2:00,37.78698819,-122.4106997
3/25/2010 13:00,37.76054986,-122.5043352
3/24/2010 18:00,37.72600536,-122.407236
3/24/2010 12:35,37.77392745,-122.4129331
3/24/2010 12:35,37.77392745,-122.4129331
3/24/2010 10:00,37.71089458,-122.4205568
3/24/2010 6:30,37.71790817,-122.4001337
3/23/2010 0:30,37.76175972,-122.4351501
3/22/2010 21:00,37.74086269,-122.5035516
3/22/2010 0:01,37.78305001,-122.420026
3/13/2010 20:00,37.78992061,-122.439976
3/13/2010 19:30,37.72244066,-122.4621991
3/13/2010 13:30,37.77542071,-122.4034048
3/12/2010 23:00,37.79188234,-122.4099994
3/10/2010 14:19,37.76337581,-122.4204347
3/10/2010 9:00,37.77748289,-122.4110206
3/9/2010 19:52,37.76321677,-122.42221
3/9/2010 14:00,37.78407619,-122.4185406
3/9/2010 10:30,37.79337819,-122.3981953
3/9/2010 9:00,37.76321677,-122.42221
3/8/2010 0:01,37.70831131,-122.4656927
2/28/2010 12:00,37.77542071,-122.4034048
2/28/2010 2:08,37.77983392,-122.4143122
2/28/2010 1:20,37.80554039,-122.4178608
2/27/2010 11:00,37.76223256,-122.4857015
2/27/2010 0:30,37.71285483,-122.4541549
2/25/2010 15:30,37.77490717,-122.4496791
2/23/2010 22:30,37.7382445,-122.3852155
2/23/2010 22:30,37.7382445,-122.3852155
2/23/2010 22:30,37.7382445,-122.3852155
2/22/2010 23:30,37.7979254,-122.4289165
2/22/2010 17:10,37.7608226,-122.3934944
2/22/2010 17:10,37.7608226,-122.3934944
2/22/2010 17:10,37.7608226,-122.3934944
2/22/2010 15:50,37.74033299,-122.4664486
2/22/2010 6:00,37.78656476,-122.4072441
2/22/2010 6:00,37.78656476,-122.4072441
2/14/2010 9:30,37.76233353,-122.4250515
2/14/2010 1:00,37.78273179,-122.406482
2/13/2010 22:00,37.77964279,-122.4537203
2/13/2010 13:00,37.78698819,-122.4106997
2/13/2010 3:00,37.75743105,-122.4123511
2/13/2010 0:30,37.76495672,-122.3996659
2/12/2010 7:00,37.72359495,-122.4597297
2/12/2010 0:01,37.78033487,-122.4372361
2/10/2010 7:45,37.77542071,-122.4034048
2/8/2010 0:30,37.78116668,-122.4023437
1/29/2010 16:45,37.78439445,-122.4169161
1/29/2010 16:00,37.76049292,-122.3885594
1/28/2010 10:30,37.77834926,-122.4410443
1/27/2010 9:30,37.78079208,-122.4900934
1/25/2010 13:15,37.75130476,-122.4273271
1/17/2010 20:00,37.75334942,-122.4131356
1/16/2010 23:30,37.77542071,-122.4034048
1/16/2010 23:00,37.7843097,-122.3951632
1/16/2010 18:20,37.74936883,-122.4126901
1/15/2010 23:00,37.78224069,-122.4811394
1/15/2010 23:00,37.78224069,-122.4811394
1/15/2010 22:50,37.76489741,-122.4213053
1/15/2010 9:00,37.73882143,-122.4856038
1/15/2010 9:00,37.73882143,-122.4856038
1/14/2010 21:15,37.78438515,-122.4244245
1/14/2010 7:30,37.76141181,-122.4272424
1/12/2010 19:20,37.71354222,-122.4058393
1/12/2010 11:25,37.7895797,-122.4020252
1/12/2010 2:42,37.78491247,-122.4086486
1/11/2010 13:30,37.76321677,-122.42221
1/11/2010 8:00,37.78398056,-122.4117783
12/27/2009 1:30,37.78549414,-122.4082707
12/27/2009 1:30,37.78549414,-122.4082707
12/25/2009 9:30,37.7826724,-122.4300536
12/25/2009 7:22,37.78462543,-122.4109792
12/23/2009 0:01,37.77542071,-122.4034048
12/22/2009 22:00,37.75518455,-122.4092982
12/22/2009 12:15,37.7850075,-122.4187296
12/21/2009 1:00,37.75379986,-122.4035322
12/12/2009 18:45,37.73066481,-122.3868493
,,
,,
,,
,,
,,
,,
,,
,,
,,
,,
,,
,,
,,
,,
,,
,,
,,
,,
,,
,,
,,
,,
,,
,,
,,
,,
,,
,,
,,
,,
,,
,,
,,
,,
,,
,,
,,
,,
,,
,,
,,
,,
,,
,,
,,
,,
,,
,,
,,
,,
,,
,,
,,
,,
,,
,,
,,
,,
,,
,,
,,
,,
,,
,,
,,
,,
,,
,,
,,
,,
,,
,,
,,
,,
,,
,,
,,
,,
,,
,,
,,
,,
,,
,,
,,
,,
,,
,,
,,
,,
,,
,,
,,
,,
,,
,,
,,
,,
,,
,,
,,
,,
,,
,,
,,
,,
,,
,,
,,
,,
,,
,,
,,
,,
,,
,,
,,
,,
,,
,,
,,
,,
,,
,,
,,
,,
,,
,,
,,
,,
,,
,,
,,
,,
,,
,,
,,
,,
,,
,,
,,
,,
,,
,,
,,
,,
,,
,,
,,
,,
,,
,,
,,
,,
,,
,,
,,
,,
,,
,,
,,
,,
,,
,,
,,
,,
,,
,,
,,
,,
,,
,,
,,
,,
,,
,,
,,
,,
,,
,,
,,
,,
,,
,,
,,
,,
,,
,,
,,
,,
,,
,,
,,
,,
,,
,,
,,
,,
,,
,,
,,
,,
,,
,,
,,
,,
,,
,,
,,
,,
,,
,,
,,
,,
,,
,,
,,
,,
,,
,,
,,
,,
,,
,,
,,
,,
,,
,,
,,
,,
,,
,,
,,
,,
,,
,,
,,
,,
,,
,,
,,
,,
,,
,,
,,
,,
,,
,,
,,
,,
,,
,,
,,
,,
,,
,,
,,
,,
,,
,,
,,
,,
,,
,,
,,
,,
,,
,,
,,
,,
,,
,,
,,
,,
,,
,,
,,
,,
,,
,,
,,
,,
,,
,,
,,
,,
,,
,,
,,
,,
,,
,,
,,
,,
,,
,,
,,
,,
,,
,,
,,
,,
,,
,,
,,
,,
,,
,,
,,
,,
,,
,,
,,
,,
,,
,,
,,
,,
,,
,,
,,
,,
,,
,,
,,
,,
,,
,,
,,
,,
,,
,,
,,
,,
,,
,,
,,
,,
,,
,,
,,
,,
,,
,,
,,
,,
,,
,,
,,
,,
,,
,,
,,
,,
,,
,,
,,
,,
,,
,,
,,
,,
,,
,,
,,
,,
,,
,,
,,
,,
,,
,,
,,
,,
,,
,,
,,
,,
,,
,,
,,
,,
,,
,,
,,
,,
,,
,,
,,
,,
,,
,,
,,
,,
,,
,,
,,
,,
,,
,,
,,
,,
,,
,,
,,
,,
,,
,,
,,
,,
,,
,,
,,
,,
,,
,,
,,
,,
,,
,,
,,
,,
,,
,,
,,
,,
,,
,,
,,
,,
,,
,,
,,
,,
,,
,,
,,
,,
,,
,,
,,
,,
,,
,,
,,
,,
,,
,,
,,
,,
,,
,,
,,
,,
,,
,,
,,
,,
,,
,,
,,
,,
,,
,,
,,
,,
,,
,,
,,
,,
,,
,,
,,
,,
,,
,,
,,
,,
,,
,,
,,
,,
,,
,,
,,
,,
,,
,,
,,
,,
,,
,,
,,
,,
,,
,,
,,
,,
,,
,,
,,
,,
,,
,,
,,
,,
,,
,,
,,
,,
,,
,,
,,
,,
,,
,,
,,
,,
,,
,,
,,
,,
,,
,,
,,
,,
,,
,,
,,
,,
,,
,,
,,
,,
,,
,,
,,
,,
,,
,,
,,
,,
,,
,,
,,
,,
,,
,,
,,
,,
,,
,,
,,
,,
,,
,,
,,
,,
,,
,,
,,
,,
,,
,,
,,
,,
,,
,,
,,
,,
,,
,,
,,
,,
,,
,,
,,
,,
,,
,,
,,
,,
,,
,,
,,
,,
,,
,,
,,
,,
,,
,,
,,
,,
,,
,,
,,
,,
,,
,,
,,
,,
,,
,,
,,
,,
,,
,,
,,
,,
,,
,,
,,
,,
,,
,,
,,
,,
,,
,,
,,
,,
,,
,,
,,
,,
,,
,,
,,
,,
,,
,,
,,
,,
,,
,,
,,
,,
,,
,,
,,
,,
,,
,,
,,
,,
,,
,,
,,
,,
,,
,,
,,
,,
,,
,,
,,
,,
,,
,,
,,
,,
,,
,,
,,
,,
,,
,,
,,
,,
,,
,,
,,
,,
,,
,,
,,
,,
,,
,,
,,
,,
,,
,,
,,
,,
,,
,,
,,
,,
,,
,,
,,
,,
,,
,,
,,
,,
,,
,,
,,
,,
,,
,,
,,
,,
,,
,,
,,
,,
,,
,,
,,
,,
,,
,,
,,
,,
,,
,,
,,
,,
,,
,,
,,
,,
,,
,,
,,
,,
,,
,,
,,
,,
,,
,,
,,
,,
,,
,,
,,
,,
,,
,,
,,
,,
,,
,,
,,
,,
,,
,,
,,
,,
,,
,,
,,
,,
,,
,,
,,
,,
,,
,,
,,
,,
,,
,,
,,
,,
,,
,,
,,
,,
,,
,,
,,
,,
,,
,,
,,
,,
,,
,,
,,
,,
,,
,,
,,
,,
,,
,,
,,
,,
,,
,,
,,
,,
,,
,,
,,
,,
,,
,,
,,
,,
,,
,,
,,
,,
,,
,,
,,
,,
,,
,,
,,
,,
,,
,,
,,
,,
,,
,,
,,
,,
,,
,,
,,
,,
,,
,,
,,
,,
,,
,,
,,
,,
,,
,,
,,
,,
,,
,,
,,
,,
,,
,,
,,
,,
,,
,,
,,
,,
,,
,,
,,
,,
,,
,,
,,
,,
,,
,,
,,
,,
,,
,,
,,
,,
,,
,,
,,
,,
,,
,,
,,
,,
,,
,,
,,
,,
,,
,,
,,
,,
,,
,,
,,
,,
,,
,,
,,
,,
,,
,,
,,
,,
,,
,,
,,
,,
,,
,,
,,
,,
,,
,,
,,
,,
,,
,,
,,
,,
,,
,,
,,
,,
,,
,,
,,
,,
,,
,,
,,
,,
,,
,,
,,
,,
,,
,,
,,
,,
,,
,,
,,
,,
,,
,,
,,
,,
,,
,,
,,
,,
,,
,,
,,
,,
,,
,,
,,
,,
,,
,,
,,
,,
,,
,,
,,
,,
,,
,,
,,
,,
,,
,,
,,
,,
,,
,,
,,
,,
,,
,,
,,
,,
,,
,,
,,
,,
,,
,,
,,
,,
,,
,,
,,
,,
,,
,,
,,
,,
,,
,,
,,
,,
,,
,,
,,
,,
,,
,,
,,
,,
,,
,,
,,
,,
,,
,,
,,
,,
,,
,,
,,
,,
,,
,,
,,
,,
,,
,,
,,
,,
,,
,,
,,
,,
,,
,,
,,
,,
,,
,,
,,
,,
,,
,,
,,
,,
,,
,,
,,
,,
,,
,,
,,
,,
,,
,,
,,
,,
,,
,,
,,
,,
,,
,,
,,
,,
,,
,,
,,
,,
,,
,,
,,
,,
,,
,,
,,
,,
,,
,,
,,
,,
,,
,,
,,
,,
,,
,,
,,
,,
,,
,,
,,
,,
,,
,,
,,
,,
,,
,,
,,
,,
,,
,,
,,
,,
,,
,,
,,
,,
,,
,,
,,
,,
,,
,,
,,
,,
,,
,,
,,
,,
,,
,,
,,
,,
,,
,,
,,
,,
,,
,,
,,
,,
,,
,,
,,
,,
,,
,,
,,
,,
,,
,,
,,
,,
,,
,,
,,
,,
,,
,,
,,
,,
,,
,,
,,
,,
,,
,,
,,
,,
,,
,,
,,
,,
,,
,,
,,
,,
,,
,,
,,
,,
,,
,,
,,
,,
,,
,,
,,
,,
,,
,,
,,
,,
,,
,,
,,
,,
,,
,,
,,
,,
,,
,,
,,
,,
,,
,,
,,
,,
,,
,,
,,
,,
,,
,,
,,
,,
,,
,,
,,
,,
,,
,,
,,
,,
,,
,,
,,
,,
,,
,,
,,
,,
,,
,,
,,
,,
,,
,,
,,
,,
,,
,,
,,
,,
,,
,,
,,
,,
,,
,,
,,
,,
,,
,,
,,
,,
,,
,,
,,
,,
,,
,,
,,
,,
,,
,,
,,
,,
,,
,,
,,
,,
,,
,,
,,
,,
,,
,,
,,
,,
,,
,,
,,
,,
,,
,,
,,
,,
,,
,,
,,
,,
,,
,,
,,
,,
,,
,,
,,
,,
,,
,,
,,
,,
,,
,,
,,
,,
,,
,,
,,
,,
,,
,,
,,
,,
,,
,,
,,
,,
,,
,,
,,
,,
,,
,,
,,
,,
,,
,,
,,
,,
,,
,,
,,
,,
,,
,,
,,
,,
,,
,,
,,
,,
,,
,,
,,
,,
,,
,,
,,
,,
,,
,,
,,
,,
,,
,,
,,
,,
,,
,,
,,
,,
,,
,,
,,
,,
,,
,,
,,
,,
,,
,,
,,
,,
,,
,,
,,
,,
,,
,,
,,
,,
,,
,,
,,
,,
,,
,,
,,
,,
,,
,,
,,
,,
,,
,,
,,
,,
,,
,,
,,
,,
,,
,,
,,
,,
,,
,,
,,
,,
,,
,,
,,
,,
,,
,,
,,
,,
,,
,,
,,
,,
,,
,,
,,
,,
,,
,,
,,
,,
,,
,,
,,
,,
,,
,,
,,
,,
,,
,,
,,
,,
,,
,,
,,
,,
,,
,,
,,
,,
,,
,,
,,
,,
,,
,,
,,
,,
,,
,,
,,
,,
,,
,,
,,
,,
,,
,,
,,
,,
,,
,,
,,
,,
,,
,,
,,
,,
,,
,,
,,
,,
,,
,,
,,
,,
,,
,,
,,
,,
,,
,,
,,
,,
,,
,,
,,
,,
,,
,,
,,
,,
,,
,,
,,
,,
,,
,,
,,
,,
,,
,,
,,
,,
,,
,,
,,
,,
,,
,,
,,
,,
,,
,,
,,
,,
,,
,,
,,
,,
,,
,,
,,
,,
,,
,,
,,
,,
,,
,,
,,
,,
,,
,,
,,
,,
,,
,,
,,
,,
,,
,,
,,
,,
,,
,,
,,
,,
,,
,,
,,
,,
,,
,,
,,
,,
,,
,,
,,
,,
,,
,,
,,
,,
,,
,,
,,
,,
,,
,,
,,
,,
,,
,,
,,
,,
,,
,,
,,
,,
,,
,,
,,
,,
,,
,,
,,
,,
,,
,,
,,
,,
,,
,,
,,
,,
,,
,,
,,
,,
,,
,,
,,
,,
,,
,,
,,
,,
,,
,,
,,
,,
,,
,,
,,
,,
,,
,,
,,
,,
,,
,,
,,
,,
,,
,,
,,
,,
,,
,,
,,
,,
,,
,,
,,
,,
,,
,,
,,
,,
,,
,,
,,
,,
,,
,,
,,
,,
,,
,,
,,
,,
,,
,,
,,
,,
,,
,,
,,
,,
,,
,,
,,
,,
,,
,,
,,
,,
,,
,,
,,
,,
,,
,,
,,
,,
,,
,,
,,
,,
,,
,,
,,
,,
,,
,,
,,
,,
,,
,,
,,
,,
,,
,,
,,
,,
,,
,,
,,
,,
,,
,,
,,
,,
,,
,,
,,
,,
,,
,,
,,
,,
,,
,,
,,
,,
,,
,,
,,
,,
,,
,,
,,
,,
,,
,,
,,
,,
,,
,,
,,
,,
,,
,,
,,
,,
,,
,,
,,
,,
,,
,,
,,
,,
,,
,,
,,
,,
,,
,,
,,
,,
,,
,,
,,
,,
,,
,,
,,
,,
,,
,,
,,
,,
,,
,,
,,
,,
,,
,,
,,
,,
,,
,,
,,
,,
,,
,,
,,
,,
,,
,,
,,
,,
,,
,,
,,
,,
,,
,,
,,
,,
,,
,,
,,
,,
,,
,,
,,
,,
,,
,,
,,
,,
,,
,,
,,
,,
,,
,,
,,
,,
,,
,,
,,
,,
,,
,,
,,
,,
,,
,,
,,
,,
,,
,,
,,
,,
,,
,,
,,
,,
,,
,,
,,
,,
,,
,,
,,
,,
,,
,,
,,
,,
,,
,,
,,
,,
,,
,,
,,
,,
,,
,,
,,
,,
,,
,,
,,
,,
,,
,,
,,
,,
,,
,,
,,
,,
,,
,,
,,
,,
,,
,,
,,
,,
,,
,,
,,
,,
,,
,,
,,
,,
,,
,,
,,
,,
,,
,,
,,
,,
,,
,,
,,
,,
,,
,,
,,
,,
,,
,,
,,
,,
,,
,,
,,
,,
,,
,,
,,
,,
,,
,,
,,
,,
,,
,,
,,
,,
,,
,,
,,
,,
,,
,,
,,
,,
,,
,,
,,
,,
,,
,,
,,
,,
,,
,,
,,
,,
,,
,,
,,
,,
,,
,,
,,
,,
,,
,,
,,
,,
,,
,,
,,
,,
,,
,,
,,
,,
,,
,,
,,
,,
,,
,,
,,
,,
,,
,,
,,
,,
,,
,,
,,
,,
,,
,,
,,
,,
,,
,,
,,
,,
,,
,,
,,
,,
,,
,,
,,
,,
,,
,,
,,
,,
,,
,,
,,
,,
,,
,,
,,
,,
,,
,,
,,
,,
,,
,,
,,
,,
,,
,,
,,
,,
,,
,,
,,
,,
,,
,,
,,
,,
,,
,,
,,
,,
,,
,,
,,
,,
,,
,,
,,
,,
,,
,,
,,
,,
,,
,,
,,
,,
,,
,,
,,
,,
,,
,,
,,
,,
,,
,,
,,
,,
,,
,,
,,
,,
,,
,,
,,
,,
,,
,,
,,
,,
,,
,,
,,
,,
,,
,,
,,
,,
,,
,,
,,
,,
,,
,,
,,
,,
,,
,,
,,
,,
,,
,,
,,
,,
,,
,,
,,
,,
,,
,,
,,
,,
,,
,,
,,
,,
,,
,,
,,
,,
,,
,,
,,
,,
,,
,,
,,
,,
,,
,,
,,
,,
,,
,,
,,
,,
,,
,,
,,
,,
,,
,,
,,
,,
,,
,,
,,
,,
,,
,,
,,
,,
,,
,,
,,
,,
,,
,,
,,
,,
,,
,,
,,
,,
,,
,,
,,
,,
,,
,,
,,
,,
,,
,,
,,
,,
,,
,,
,,
,,
,,
,,
,,
,,
,,
,,
,,
,,
,,
,,
,,
,,
,,
,,
,,
,,
,,
,,
,,
,,
,,
,,
,,
,,
,,
,,
,,
,,
,,
,,
,,
,,
,,
,,
,,
,,
,,
,,
,,
,,
,,
,,
,,
,,
,,
,,
,,
,,
,,
,,
,,
,,
,,
,,
,,
,,
,,
,,
,,
,,
,,
,,
,,
,,
,,
,,
,,
,,
,,
,,
,,
,,
,,
,,
,,
,,
,,
,,
,,
,,
,,
,,
,,
,,
,,
,,
,,
